20xx,x,7/24/2010,x,WA,ReverseLand,2087,41800
20xx,x,7/24/2010,x,WA,ReverseLand,2086,41780
20xx,x,7/24/2010,x,WA,ReverseLand,2085,41760
20xx,x,7/24/2010,x,WA,ReverseLand,2084,41740
20xx,x,7/24/2010,x,WA,ReverseLand,2083,41720
20xx,x,7/24/2010,x,WA,ReverseLand,2082,41700
20xx,x,7/24/2010,x,WA,ReverseLand,2081,41680
20xx,x,7/24/2010,x,WA,ReverseLand,2080,41660
20xx,x,7/24/2010,x,WA,ReverseLand,2079,41640
20xx,x,7/24/2010,x,WA,ReverseLand,2078,41620
20xx,x,7/24/2010,x,WA,ReverseLand,2077,41600
20xx,x,7/24/2010,x,WA,ReverseLand,2076,41580
20xx,x,7/24/2010,x,WA,ReverseLand,2075,41560
20xx,x,7/24/2010,x,WA,ReverseLand,2074,41540
20xx,x,7/24/2010,x,WA,ReverseLand,2073,41520
20xx,x,7/24/2010,x,WA,ReverseLand,2072,41500
20xx,x,7/24/2010,x,WA,ReverseLand,2071,41480
20xx,x,7/24/2010,x,WA,ReverseLand,2070,41460
20xx,x,7/24/2010,x,WA,ReverseLand,2069,41440
20xx,x,7/24/2010,x,WA,ReverseLand,2068,41420
20xx,x,7/24/2010,x,WA,ReverseLand,2067,41400
20xx,x,7/24/2010,x,WA,ReverseLand,2066,41380
20xx,x,7/24/2010,x,WA,ReverseLand,2065,41360
20xx,x,7/24/2010,x,WA,ReverseLand,2064,41340
20xx,x,7/24/2010,x,WA,ReverseLand,2063,41320
20xx,x,7/24/2010,x,WA,ReverseLand,2062,41300
20xx,x,7/24/2010,x,WA,ReverseLand,2061,41280
20xx,x,7/24/2010,x,WA,ReverseLand,2060,41260
20xx,x,7/24/2010,x,WA,ReverseLand,2059,41240
20xx,x,7/24/2010,x,WA,ReverseLand,2058,41220
20xx,x,7/24/2010,x,WA,ReverseLand,2057,41200
20xx,x,7/24/2010,x,WA,ReverseLand,2056,41180
20xx,x,7/24/2010,x,WA,ReverseLand,2055,41160
20xx,x,7/24/2010,x,WA,ReverseLand,2054,41140
20xx,x,7/24/2010,x,WA,ReverseLand,2053,41120
20xx,x,7/24/2010,x,WA,ReverseLand,2052,41100
20xx,x,7/24/2010,x,WA,ReverseLand,2051,41080
20xx,x,7/24/2010,x,WA,ReverseLand,2050,41060
20xx,x,7/24/2010,x,WA,ReverseLand,2049,41040
20xx,x,7/24/2010,x,WA,ReverseLand,2048,41020
20xx,x,7/24/2010,x,WA,ReverseLand,2047,41000
20xx,x,7/24/2010,x,WA,ReverseLand,2046,40980
20xx,x,7/24/2010,x,WA,ReverseLand,2045,40960
20xx,x,7/24/2010,x,WA,ReverseLand,2044,40940
20xx,x,7/24/2010,x,WA,ReverseLand,2043,40920
20xx,x,7/24/2010,x,WA,ReverseLand,2042,40900
20xx,x,7/24/2010,x,WA,ReverseLand,2041,40880
20xx,x,7/24/2010,x,WA,ReverseLand,2040,40860
20xx,x,7/24/2010,x,WA,ReverseLand,2039,40840
20xx,x,7/24/2010,x,WA,ReverseLand,2038,40820
20xx,x,7/24/2010,x,WA,ReverseLand,2037,40800
20xx,x,7/24/2010,x,WA,ReverseLand,2036,40780
20xx,x,7/24/2010,x,WA,ReverseLand,2035,40760
20xx,x,7/24/2010,x,WA,ReverseLand,2034,40740
20xx,x,7/24/2010,x,WA,ReverseLand,2033,40720
20xx,x,7/24/2010,x,WA,ReverseLand,2032,40700
20xx,x,7/24/2010,x,WA,ReverseLand,2031,40680
20xx,x,7/24/2010,x,WA,ReverseLand,2030,40660
20xx,x,7/24/2010,x,WA,ReverseLand,2029,40640
20xx,x,7/24/2010,x,WA,ReverseLand,2028,40620
20xx,x,7/24/2010,x,WA,ReverseLand,2027,40600
20xx,x,7/24/2010,x,WA,ReverseLand,2026,40580
20xx,x,7/24/2010,x,WA,ReverseLand,2025,40560
20xx,x,7/24/2010,x,WA,ReverseLand,2024,40540
20xx,x,7/24/2010,x,WA,ReverseLand,2023,40520
20xx,x,7/24/2010,x,WA,ReverseLand,2022,40500
20xx,x,7/24/2010,x,WA,ReverseLand,2021,40480
20xx,x,7/24/2010,x,WA,ReverseLand,2020,40460
20xx,x,7/24/2010,x,WA,ReverseLand,2019,40440
20xx,x,7/24/2010,x,WA,ReverseLand,2018,40420
20xx,x,7/24/2010,x,WA,ReverseLand,2017,40400
20xx,x,7/24/2010,x,WA,ReverseLand,2016,40380
20xx,x,7/24/2010,x,WA,ReverseLand,2015,40360
20xx,x,7/24/2010,x,WA,ReverseLand,2014,40340
20xx,x,7/24/2010,x,WA,ReverseLand,2013,40320
20xx,x,7/24/2010,x,WA,ReverseLand,2012,40300
20xx,x,7/24/2010,x,WA,ReverseLand,2011,40280
20xx,x,7/24/2010,x,WA,ReverseLand,2010,40260
20xx,x,7/24/2010,x,WA,ReverseLand,2009,40240
20xx,x,7/24/2010,x,WA,ReverseLand,2008,40220
20xx,x,7/24/2010,x,WA,ReverseLand,2007,40200
20xx,x,7/24/2010,x,WA,ReverseLand,2006,40180
20xx,x,7/24/2010,x,WA,ReverseLand,2005,40160
20xx,x,7/24/2010,x,WA,ReverseLand,2004,40140
20xx,x,7/24/2010,x,WA,ReverseLand,2003,40120
20xx,x,7/24/2010,x,WA,ReverseLand,2002,40100
20xx,x,7/24/2010,x,WA,ReverseLand,2001,40080
20xx,x,7/24/2010,x,WA,ReverseLand,2000,40060
20xx,x,7/24/2010,x,WA,ReverseLand,1999,40040
20xx,x,7/24/2010,x,WA,ReverseLand,1998,40020
20xx,x,7/24/2010,x,WA,ReverseLand,1997,40000
20xx,x,7/24/2010,x,WA,ReverseLand,1996,39980
20xx,x,7/24/2010,x,WA,ReverseLand,1995,39960
20xx,x,7/24/2010,x,WA,ReverseLand,1994,39940
20xx,x,7/24/2010,x,WA,ReverseLand,1993,39920
20xx,x,7/24/2010,x,WA,ReverseLand,1992,39900
20xx,x,7/24/2010,x,WA,ReverseLand,1991,39880
20xx,x,7/24/2010,x,WA,ReverseLand,1990,39860
20xx,x,7/24/2010,x,WA,ReverseLand,1989,39840
20xx,x,7/24/2010,x,WA,ReverseLand,1988,39820
20xx,x,7/24/2010,x,WA,ReverseLand,1987,39800
20xx,x,7/24/2010,x,WA,ReverseLand,1986,39780
20xx,x,7/24/2010,x,WA,ReverseLand,1985,39760
20xx,x,7/24/2010,x,WA,ReverseLand,1984,39740
20xx,x,7/24/2010,x,WA,ReverseLand,1983,39720
20xx,x,7/24/2010,x,WA,ReverseLand,1982,39700
20xx,x,7/24/2010,x,WA,ReverseLand,1981,39680
20xx,x,7/24/2010,x,WA,ReverseLand,1980,39660
20xx,x,7/24/2010,x,WA,ReverseLand,1979,39640
20xx,x,7/24/2010,x,WA,ReverseLand,1978,39620
20xx,x,7/24/2010,x,WA,ReverseLand,1977,39600
20xx,x,7/24/2010,x,WA,ReverseLand,1976,39580
20xx,x,7/24/2010,x,WA,ReverseLand,1975,39560
20xx,x,7/24/2010,x,WA,ReverseLand,1974,39540
20xx,x,7/24/2010,x,WA,ReverseLand,1973,39520
20xx,x,7/24/2010,x,WA,ReverseLand,1972,39500
20xx,x,7/24/2010,x,WA,ReverseLand,1971,39480
20xx,x,7/24/2010,x,WA,ReverseLand,1970,39460
20xx,x,7/24/2010,x,WA,ReverseLand,1969,39440
20xx,x,7/24/2010,x,WA,ReverseLand,1968,39420
20xx,x,7/24/2010,x,WA,ReverseLand,1967,39400
20xx,x,7/24/2010,x,WA,ReverseLand,1966,39380
20xx,x,7/24/2010,x,WA,ReverseLand,1965,39360
20xx,x,7/24/2010,x,WA,ReverseLand,1964,39340
20xx,x,7/24/2010,x,WA,ReverseLand,1963,39320
20xx,x,7/24/2010,x,WA,ReverseLand,1962,39300
20xx,x,7/24/2010,x,WA,ReverseLand,1961,39280
20xx,x,7/24/2010,x,WA,ReverseLand,1960,39260
20xx,x,7/24/2010,x,WA,ReverseLand,1959,39240
20xx,x,7/24/2010,x,WA,ReverseLand,1958,39220
20xx,x,7/24/2010,x,WA,ReverseLand,1957,39200
20xx,x,7/24/2010,x,WA,ReverseLand,1956,39180
20xx,x,7/24/2010,x,WA,ReverseLand,1955,39160
20xx,x,7/24/2010,x,WA,ReverseLand,1954,39140
20xx,x,7/24/2010,x,WA,ReverseLand,1953,39120
20xx,x,7/24/2010,x,WA,ReverseLand,1952,39100
20xx,x,7/24/2010,x,WA,ReverseLand,1951,39080
20xx,x,7/24/2010,x,WA,ReverseLand,1950,39060
20xx,x,7/24/2010,x,WA,ReverseLand,1949,39040
20xx,x,7/24/2010,x,WA,ReverseLand,1948,39020
20xx,x,7/24/2010,x,WA,ReverseLand,1947,39000
20xx,x,7/24/2010,x,WA,ReverseLand,1946,38980
20xx,x,7/24/2010,x,WA,ReverseLand,1945,38960
20xx,x,7/24/2010,x,WA,ReverseLand,1944,38940
20xx,x,7/24/2010,x,WA,ReverseLand,1943,38920
20xx,x,7/24/2010,x,WA,ReverseLand,1942,38900
20xx,x,7/24/2010,x,WA,ReverseLand,1941,38880
20xx,x,7/24/2010,x,WA,ReverseLand,1940,38860
20xx,x,7/24/2010,x,WA,ReverseLand,1939,38840
20xx,x,7/24/2010,x,WA,ReverseLand,1938,38820
20xx,x,7/24/2010,x,WA,ReverseLand,1937,38800
20xx,x,7/24/2010,x,WA,ReverseLand,1936,38780
20xx,x,7/24/2010,x,WA,ReverseLand,1935,38760
20xx,x,7/24/2010,x,WA,ReverseLand,1934,38740
20xx,x,7/24/2010,x,WA,ReverseLand,1933,38720
20xx,x,7/24/2010,x,WA,ReverseLand,1932,38700
20xx,x,7/24/2010,x,WA,ReverseLand,1931,38680
20xx,x,7/24/2010,x,WA,ReverseLand,1930,38660
20xx,x,7/24/2010,x,WA,ReverseLand,1929,38640
20xx,x,7/24/2010,x,WA,ReverseLand,1928,38620
20xx,x,7/24/2010,x,WA,ReverseLand,1927,38600
20xx,x,7/24/2010,x,WA,ReverseLand,1926,38580
20xx,x,7/24/2010,x,WA,ReverseLand,1925,38560
20xx,x,7/24/2010,x,WA,ReverseLand,1924,38540
20xx,x,7/24/2010,x,WA,ReverseLand,1923,38520
20xx,x,7/24/2010,x,WA,ReverseLand,1922,38500
20xx,x,7/24/2010,x,WA,ReverseLand,1921,38480
20xx,x,7/24/2010,x,WA,ReverseLand,1920,38460
20xx,x,7/24/2010,x,WA,ReverseLand,1919,38440
20xx,x,7/24/2010,x,WA,ReverseLand,1918,38420
20xx,x,7/24/2010,x,WA,ReverseLand,1917,38400
20xx,x,7/24/2010,x,WA,ReverseLand,1916,38380
20xx,x,7/24/2010,x,WA,ReverseLand,1915,38360
20xx,x,7/24/2010,x,WA,ReverseLand,1914,38340
20xx,x,7/24/2010,x,WA,ReverseLand,1913,38320
20xx,x,7/24/2010,x,WA,ReverseLand,1912,38300
20xx,x,7/24/2010,x,WA,ReverseLand,1911,38280
20xx,x,7/24/2010,x,WA,ReverseLand,1910,38260
20xx,x,7/24/2010,x,WA,ReverseLand,1909,38240
20xx,x,7/24/2010,x,WA,ReverseLand,1908,38220
20xx,x,7/24/2010,x,WA,ReverseLand,1907,38200
20xx,x,7/24/2010,x,WA,ReverseLand,1906,38180
20xx,x,7/24/2010,x,WA,ReverseLand,1905,38160
20xx,x,7/24/2010,x,WA,ReverseLand,1904,38140
20xx,x,7/24/2010,x,WA,ReverseLand,1903,38120
20xx,x,7/24/2010,x,WA,ReverseLand,1902,38100
20xx,x,7/24/2010,x,WA,ReverseLand,1901,38080
20xx,x,7/24/2010,x,WA,ReverseLand,1900,38060
20xx,x,7/24/2010,x,WA,ReverseLand,1899,38040
20xx,x,7/24/2010,x,WA,ReverseLand,1898,38020
20xx,x,7/24/2010,x,WA,ReverseLand,1897,38000
20xx,x,7/24/2010,x,WA,ReverseLand,1896,37980
20xx,x,7/24/2010,x,WA,ReverseLand,1895,37960
20xx,x,7/24/2010,x,WA,ReverseLand,1894,37940
20xx,x,7/24/2010,x,WA,ReverseLand,1893,37920
20xx,x,7/24/2010,x,WA,ReverseLand,1892,37900
20xx,x,7/24/2010,x,WA,ReverseLand,1891,37880
20xx,x,7/24/2010,x,WA,ReverseLand,1890,37860
20xx,x,7/24/2010,x,WA,ReverseLand,1889,37840
20xx,x,7/24/2010,x,WA,ReverseLand,1888,37820
20xx,x,7/24/2010,x,WA,ReverseLand,1887,37800
20xx,x,7/24/2010,x,WA,ReverseLand,1886,37780
20xx,x,7/24/2010,x,WA,ReverseLand,1885,37760
20xx,x,7/24/2010,x,WA,ReverseLand,1884,37740
20xx,x,7/24/2010,x,WA,ReverseLand,1883,37720
20xx,x,7/24/2010,x,WA,ReverseLand,1882,37700
20xx,x,7/24/2010,x,WA,ReverseLand,1881,37680
20xx,x,7/24/2010,x,WA,ReverseLand,1880,37660
20xx,x,7/24/2010,x,WA,ReverseLand,1879,37640
20xx,x,7/24/2010,x,WA,ReverseLand,1878,37620
20xx,x,7/24/2010,x,WA,ReverseLand,1877,37600
20xx,x,7/24/2010,x,WA,ReverseLand,1876,37580
20xx,x,7/24/2010,x,WA,ReverseLand,1875,37560
20xx,x,7/24/2010,x,WA,ReverseLand,1874,37540
20xx,x,7/24/2010,x,WA,ReverseLand,1873,37520
20xx,x,7/24/2010,x,WA,ReverseLand,1872,37500
20xx,x,7/24/2010,x,WA,ReverseLand,1871,37480
20xx,x,7/24/2010,x,WA,ReverseLand,1870,37460
20xx,x,7/24/2010,x,WA,ReverseLand,1869,37440
20xx,x,7/24/2010,x,WA,ReverseLand,1868,37420
20xx,x,7/24/2010,x,WA,ReverseLand,1867,37400
20xx,x,7/24/2010,x,WA,ReverseLand,1866,37380
20xx,x,7/24/2010,x,WA,ReverseLand,1865,37360
20xx,x,7/24/2010,x,WA,ReverseLand,1864,37340
20xx,x,7/24/2010,x,WA,ReverseLand,1863,37320
20xx,x,7/24/2010,x,WA,ReverseLand,1862,37300
20xx,x,7/24/2010,x,WA,ReverseLand,1861,37280
20xx,x,7/24/2010,x,WA,ReverseLand,1860,37260
20xx,x,7/24/2010,x,WA,ReverseLand,1859,37240
20xx,x,7/24/2010,x,WA,ReverseLand,1858,37220
20xx,x,7/24/2010,x,WA,ReverseLand,1857,37200
20xx,x,7/24/2010,x,WA,ReverseLand,1856,37180
20xx,x,7/24/2010,x,WA,ReverseLand,1855,37160
20xx,x,7/24/2010,x,WA,ReverseLand,1854,37140
20xx,x,7/24/2010,x,WA,ReverseLand,1853,37120
20xx,x,7/24/2010,x,WA,ReverseLand,1852,37100
20xx,x,7/24/2010,x,WA,ReverseLand,1851,37080
20xx,x,7/24/2010,x,WA,ReverseLand,1850,37060
20xx,x,7/24/2010,x,WA,ReverseLand,1849,37040
20xx,x,7/24/2010,x,WA,ReverseLand,1848,37020
20xx,x,7/24/2010,x,WA,ReverseLand,1847,37000
20xx,x,7/24/2010,x,WA,ReverseLand,1846,36980
20xx,x,7/24/2010,x,WA,ReverseLand,1845,36960
20xx,x,7/24/2010,x,WA,ReverseLand,1844,36940
20xx,x,7/24/2010,x,WA,ReverseLand,1843,36920
20xx,x,7/24/2010,x,WA,ReverseLand,1842,36900
20xx,x,7/24/2010,x,WA,ReverseLand,1841,36880
20xx,x,7/24/2010,x,WA,ReverseLand,1840,36860
20xx,x,7/24/2010,x,WA,ReverseLand,1839,36840
20xx,x,7/24/2010,x,WA,ReverseLand,1838,36820
20xx,x,7/24/2010,x,WA,ReverseLand,1837,36800
20xx,x,7/24/2010,x,WA,ReverseLand,1836,36780
20xx,x,7/24/2010,x,WA,ReverseLand,1835,36760
20xx,x,7/24/2010,x,WA,ReverseLand,1834,36740
20xx,x,7/24/2010,x,WA,ReverseLand,1833,36720
20xx,x,7/24/2010,x,WA,ReverseLand,1832,36700
20xx,x,7/24/2010,x,WA,ReverseLand,1831,36680
20xx,x,7/24/2010,x,WA,ReverseLand,1830,36660
20xx,x,7/24/2010,x,WA,ReverseLand,1829,36640
20xx,x,7/24/2010,x,WA,ReverseLand,1828,36620
20xx,x,7/24/2010,x,WA,ReverseLand,1827,36600
20xx,x,7/24/2010,x,WA,ReverseLand,1826,36580
20xx,x,7/24/2010,x,WA,ReverseLand,1825,36560
20xx,x,7/24/2010,x,WA,ReverseLand,1824,36540
20xx,x,7/24/2010,x,WA,ReverseLand,1823,36520
20xx,x,7/24/2010,x,WA,ReverseLand,1822,36500
20xx,x,7/24/2010,x,WA,ReverseLand,1821,36480
20xx,x,7/24/2010,x,WA,ReverseLand,1820,36460
20xx,x,7/24/2010,x,WA,ReverseLand,1819,36440
20xx,x,7/24/2010,x,WA,ReverseLand,1818,36420
20xx,x,7/24/2010,x,WA,ReverseLand,1817,36400
20xx,x,7/24/2010,x,WA,ReverseLand,1816,36380
20xx,x,7/24/2010,x,WA,ReverseLand,1815,36360
20xx,x,7/24/2010,x,WA,ReverseLand,1814,36340
20xx,x,7/24/2010,x,WA,ReverseLand,1813,36320
20xx,x,7/24/2010,x,WA,ReverseLand,1812,36300
20xx,x,7/24/2010,x,WA,ReverseLand,1811,36280
20xx,x,7/24/2010,x,WA,ReverseLand,1810,36260
20xx,x,7/24/2010,x,WA,ReverseLand,1809,36240
20xx,x,7/24/2010,x,WA,ReverseLand,1808,36220
20xx,x,7/24/2010,x,WA,ReverseLand,1807,36200
20xx,x,7/24/2010,x,WA,ReverseLand,1806,36180
20xx,x,7/24/2010,x,WA,ReverseLand,1805,36160
20xx,x,7/24/2010,x,WA,ReverseLand,1804,36140
20xx,x,7/24/2010,x,WA,ReverseLand,1803,36120
20xx,x,7/24/2010,x,WA,ReverseLand,1802,36100
20xx,x,7/24/2010,x,WA,ReverseLand,1801,36080
20xx,x,7/24/2010,x,WA,ReverseLand,1800,36060
20xx,x,7/24/2010,x,WA,ReverseLand,1799,36040
20xx,x,7/24/2010,x,WA,ReverseLand,1798,36020
20xx,x,7/24/2010,x,WA,ReverseLand,1797,36000
20xx,x,7/24/2010,x,WA,ReverseLand,1796,35980
20xx,x,7/24/2010,x,WA,ReverseLand,1795,35960
20xx,x,7/24/2010,x,WA,ReverseLand,1794,35940
20xx,x,7/24/2010,x,WA,ReverseLand,1793,35920
20xx,x,7/24/2010,x,WA,ReverseLand,1792,35900
20xx,x,7/24/2010,x,WA,ReverseLand,1791,35880
20xx,x,7/24/2010,x,WA,ReverseLand,1790,35860
20xx,x,7/24/2010,x,WA,ReverseLand,1789,35840
20xx,x,7/24/2010,x,WA,ReverseLand,1788,35820
20xx,x,7/24/2010,x,WA,ReverseLand,1787,35800
20xx,x,7/24/2010,x,WA,ReverseLand,1786,35780
20xx,x,7/24/2010,x,WA,ReverseLand,1785,35760
20xx,x,7/24/2010,x,WA,ReverseLand,1784,35740
20xx,x,7/24/2010,x,WA,ReverseLand,1783,35720
20xx,x,7/24/2010,x,WA,ReverseLand,1782,35700
20xx,x,7/24/2010,x,WA,ReverseLand,1781,35680
20xx,x,7/24/2010,x,WA,ReverseLand,1780,35660
20xx,x,7/24/2010,x,WA,ReverseLand,1779,35640
20xx,x,7/24/2010,x,WA,ReverseLand,1778,35620
20xx,x,7/24/2010,x,WA,ReverseLand,1777,35600
20xx,x,7/24/2010,x,WA,ReverseLand,1776,35580
20xx,x,7/24/2010,x,WA,ReverseLand,1775,35560
20xx,x,7/24/2010,x,WA,ReverseLand,1774,35540
20xx,x,7/24/2010,x,WA,ReverseLand,1773,35520
20xx,x,7/24/2010,x,WA,ReverseLand,1772,35500
20xx,x,7/24/2010,x,WA,ReverseLand,1771,35480
20xx,x,7/24/2010,x,WA,ReverseLand,1770,35460
20xx,x,7/24/2010,x,WA,ReverseLand,1769,35440
20xx,x,7/24/2010,x,WA,ReverseLand,1768,35420
20xx,x,7/24/2010,x,WA,ReverseLand,1767,35400
20xx,x,7/24/2010,x,WA,ReverseLand,1766,35380
20xx,x,7/24/2010,x,WA,ReverseLand,1765,35360
20xx,x,7/24/2010,x,WA,ReverseLand,1764,35340
20xx,x,7/24/2010,x,WA,ReverseLand,1763,35320
20xx,x,7/24/2010,x,WA,ReverseLand,1762,35300
20xx,x,7/24/2010,x,WA,ReverseLand,1761,35280
20xx,x,7/24/2010,x,WA,ReverseLand,1760,35260
20xx,x,7/24/2010,x,WA,ReverseLand,1759,35240
20xx,x,7/24/2010,x,WA,ReverseLand,1758,35220
20xx,x,7/24/2010,x,WA,ReverseLand,1757,35200
20xx,x,7/24/2010,x,WA,ReverseLand,1756,35180
20xx,x,7/24/2010,x,WA,ReverseLand,1755,35160
20xx,x,7/24/2010,x,WA,ReverseLand,1754,35140
20xx,x,7/24/2010,x,WA,ReverseLand,1753,35120
20xx,x,7/24/2010,x,WA,ReverseLand,1752,35100
20xx,x,7/24/2010,x,WA,ReverseLand,1751,35080
20xx,x,7/24/2010,x,WA,ReverseLand,1750,35060
20xx,x,7/24/2010,x,WA,ReverseLand,1749,35040
20xx,x,7/24/2010,x,WA,ReverseLand,1748,35020
20xx,x,7/24/2010,x,WA,ReverseLand,1747,35000
20xx,x,7/24/2010,x,WA,ReverseLand,1746,34980
20xx,x,7/24/2010,x,WA,ReverseLand,1745,34960
20xx,x,7/24/2010,x,WA,ReverseLand,1744,34940
20xx,x,7/24/2010,x,WA,ReverseLand,1743,34920
20xx,x,7/24/2010,x,WA,ReverseLand,1742,34900
20xx,x,7/24/2010,x,WA,ReverseLand,1741,34880
20xx,x,7/24/2010,x,WA,ReverseLand,1740,34860
20xx,x,7/24/2010,x,WA,ReverseLand,1739,34840
20xx,x,7/24/2010,x,WA,ReverseLand,1738,34820
20xx,x,7/24/2010,x,WA,ReverseLand,1737,34800
20xx,x,7/24/2010,x,WA,ReverseLand,1736,34780
20xx,x,7/24/2010,x,WA,ReverseLand,1735,34760
20xx,x,7/24/2010,x,WA,ReverseLand,1734,34740
20xx,x,7/24/2010,x,WA,ReverseLand,1733,34720
20xx,x,7/24/2010,x,WA,ReverseLand,1732,34700
20xx,x,7/24/2010,x,WA,ReverseLand,1731,34680
20xx,x,7/24/2010,x,WA,ReverseLand,1730,34660
20xx,x,7/24/2010,x,WA,ReverseLand,1729,34640
20xx,x,7/24/2010,x,WA,ReverseLand,1728,34620
20xx,x,7/24/2010,x,WA,ReverseLand,1727,34600
20xx,x,7/24/2010,x,WA,ReverseLand,1726,34580
20xx,x,7/24/2010,x,WA,ReverseLand,1725,34560
20xx,x,7/24/2010,x,WA,ReverseLand,1724,34540
20xx,x,7/24/2010,x,WA,ReverseLand,1723,34520
20xx,x,7/24/2010,x,WA,ReverseLand,1722,34500
20xx,x,7/24/2010,x,WA,ReverseLand,1721,34480
20xx,x,7/24/2010,x,WA,ReverseLand,1720,34460
20xx,x,7/24/2010,x,WA,ReverseLand,1719,34440
20xx,x,7/24/2010,x,WA,ReverseLand,1718,34420
20xx,x,7/24/2010,x,WA,ReverseLand,1717,34400
20xx,x,7/24/2010,x,WA,ReverseLand,1716,34380
20xx,x,7/24/2010,x,WA,ReverseLand,1715,34360
20xx,x,7/24/2010,x,WA,ReverseLand,1714,34340
20xx,x,7/24/2010,x,WA,ReverseLand,1713,34320
20xx,x,7/24/2010,x,WA,ReverseLand,1712,34300
20xx,x,7/24/2010,x,WA,ReverseLand,1711,34280
20xx,x,7/24/2010,x,WA,ReverseLand,1710,34260
20xx,x,7/24/2010,x,WA,ReverseLand,1709,34240
20xx,x,7/24/2010,x,WA,ReverseLand,1708,34220
20xx,x,7/24/2010,x,WA,ReverseLand,1707,34200
20xx,x,7/24/2010,x,WA,ReverseLand,1706,34180
20xx,x,7/24/2010,x,WA,ReverseLand,1705,34160
20xx,x,7/24/2010,x,WA,ReverseLand,1704,34140
20xx,x,7/24/2010,x,WA,ReverseLand,1703,34120
20xx,x,7/24/2010,x,WA,ReverseLand,1702,34100
20xx,x,7/24/2010,x,WA,ReverseLand,1701,34080
20xx,x,7/24/2010,x,WA,ReverseLand,1700,34060
20xx,x,7/24/2010,x,WA,ReverseLand,1699,34040
20xx,x,7/24/2010,x,WA,ReverseLand,1698,34020
20xx,x,7/24/2010,x,WA,ReverseLand,1697,34000
20xx,x,7/24/2010,x,WA,ReverseLand,1696,33980
20xx,x,7/24/2010,x,WA,ReverseLand,1695,33960
20xx,x,7/24/2010,x,WA,ReverseLand,1694,33940
20xx,x,7/24/2010,x,WA,ReverseLand,1693,33920
20xx,x,7/24/2010,x,WA,ReverseLand,1692,33900
20xx,x,7/24/2010,x,WA,ReverseLand,1691,33880
20xx,x,7/24/2010,x,WA,ReverseLand,1690,33860
20xx,x,7/24/2010,x,WA,ReverseLand,1689,33840
20xx,x,7/24/2010,x,WA,ReverseLand,1688,33820
20xx,x,7/24/2010,x,WA,ReverseLand,1687,33800
20xx,x,7/24/2010,x,WA,ReverseLand,1686,33780
20xx,x,7/24/2010,x,WA,ReverseLand,1685,33760
20xx,x,7/24/2010,x,WA,ReverseLand,1684,33740
20xx,x,7/24/2010,x,WA,ReverseLand,1683,33720
20xx,x,7/24/2010,x,WA,ReverseLand,1682,33700
20xx,x,7/24/2010,x,WA,ReverseLand,1681,33680
20xx,x,7/24/2010,x,WA,ReverseLand,1680,33660
20xx,x,7/24/2010,x,WA,ReverseLand,1679,33640
20xx,x,7/24/2010,x,WA,ReverseLand,1678,33620
20xx,x,7/24/2010,x,WA,ReverseLand,1677,33600
20xx,x,7/24/2010,x,WA,ReverseLand,1676,33580
20xx,x,7/24/2010,x,WA,ReverseLand,1675,33560
20xx,x,7/24/2010,x,WA,ReverseLand,1674,33540
20xx,x,7/24/2010,x,WA,ReverseLand,1673,33520
20xx,x,7/24/2010,x,WA,ReverseLand,1672,33500
20xx,x,7/24/2010,x,WA,ReverseLand,1671,33480
20xx,x,7/24/2010,x,WA,ReverseLand,1670,33460
20xx,x,7/24/2010,x,WA,ReverseLand,1669,33440
20xx,x,7/24/2010,x,WA,ReverseLand,1668,33420
20xx,x,7/24/2010,x,WA,ReverseLand,1667,33400
20xx,x,7/24/2010,x,WA,ReverseLand,1666,33380
20xx,x,7/24/2010,x,WA,ReverseLand,1665,33360
20xx,x,7/24/2010,x,WA,ReverseLand,1664,33340
20xx,x,7/24/2010,x,WA,ReverseLand,1663,33320
20xx,x,7/24/2010,x,WA,ReverseLand,1662,33300
20xx,x,7/24/2010,x,WA,ReverseLand,1661,33280
20xx,x,7/24/2010,x,WA,ReverseLand,1660,33260
20xx,x,7/24/2010,x,WA,ReverseLand,1659,33240
20xx,x,7/24/2010,x,WA,ReverseLand,1658,33220
20xx,x,7/24/2010,x,WA,ReverseLand,1657,33200
20xx,x,7/24/2010,x,WA,ReverseLand,1656,33180
20xx,x,7/24/2010,x,WA,ReverseLand,1655,33160
20xx,x,7/24/2010,x,WA,ReverseLand,1654,33140
20xx,x,7/24/2010,x,WA,ReverseLand,1653,33120
20xx,x,7/24/2010,x,WA,ReverseLand,1652,33100
20xx,x,7/24/2010,x,WA,ReverseLand,1651,33080
20xx,x,7/24/2010,x,WA,ReverseLand,1650,33060
20xx,x,7/24/2010,x,WA,ReverseLand,1649,33040
20xx,x,7/24/2010,x,WA,ReverseLand,1648,33020
20xx,x,7/24/2010,x,WA,ReverseLand,1647,33000
20xx,x,7/24/2010,x,WA,ReverseLand,1646,32980
20xx,x,7/24/2010,x,WA,ReverseLand,1645,32960
20xx,x,7/24/2010,x,WA,ReverseLand,1644,32940
20xx,x,7/24/2010,x,WA,ReverseLand,1643,32920
20xx,x,7/24/2010,x,WA,ReverseLand,1642,32900
20xx,x,7/24/2010,x,WA,ReverseLand,1641,32880
20xx,x,7/24/2010,x,WA,ReverseLand,1640,32860
20xx,x,7/24/2010,x,WA,ReverseLand,1639,32840
20xx,x,7/24/2010,x,WA,ReverseLand,1638,32820
20xx,x,7/24/2010,x,WA,ReverseLand,1637,32800
20xx,x,7/24/2010,x,WA,ReverseLand,1636,32780
20xx,x,7/24/2010,x,WA,ReverseLand,1635,32760
20xx,x,7/24/2010,x,WA,ReverseLand,1634,32740
20xx,x,7/24/2010,x,WA,ReverseLand,1633,32720
20xx,x,7/24/2010,x,WA,ReverseLand,1632,32700
20xx,x,7/24/2010,x,WA,ReverseLand,1631,32680
20xx,x,7/24/2010,x,WA,ReverseLand,1630,32660
20xx,x,7/24/2010,x,WA,ReverseLand,1629,32640
20xx,x,7/24/2010,x,WA,ReverseLand,1628,32620
20xx,x,7/24/2010,x,WA,ReverseLand,1627,32600
20xx,x,7/24/2010,x,WA,ReverseLand,1626,32580
20xx,x,7/24/2010,x,WA,ReverseLand,1625,32560
20xx,x,7/24/2010,x,WA,ReverseLand,1624,32540
20xx,x,7/24/2010,x,WA,ReverseLand,1623,32520
20xx,x,7/24/2010,x,WA,ReverseLand,1622,32500
20xx,x,7/24/2010,x,WA,ReverseLand,1621,32480
20xx,x,7/24/2010,x,WA,ReverseLand,1620,32460
20xx,x,7/24/2010,x,WA,ReverseLand,1619,32440
20xx,x,7/24/2010,x,WA,ReverseLand,1618,32420
20xx,x,7/24/2010,x,WA,ReverseLand,1617,32400
20xx,x,7/24/2010,x,WA,ReverseLand,1616,32380
20xx,x,7/24/2010,x,WA,ReverseLand,1615,32360
20xx,x,7/24/2010,x,WA,ReverseLand,1614,32340
20xx,x,7/24/2010,x,WA,ReverseLand,1613,32320
20xx,x,7/24/2010,x,WA,ReverseLand,1612,32300
20xx,x,7/24/2010,x,WA,ReverseLand,1611,32280
20xx,x,7/24/2010,x,WA,ReverseLand,1610,32260
20xx,x,7/24/2010,x,WA,ReverseLand,1609,32240
20xx,x,7/24/2010,x,WA,ReverseLand,1608,32220
20xx,x,7/24/2010,x,WA,ReverseLand,1607,32200
20xx,x,7/24/2010,x,WA,ReverseLand,1606,32180
20xx,x,7/24/2010,x,WA,ReverseLand,1605,32160
20xx,x,7/24/2010,x,WA,ReverseLand,1604,32140
20xx,x,7/24/2010,x,WA,ReverseLand,1603,32120
20xx,x,7/24/2010,x,WA,ReverseLand,1602,32100
20xx,x,7/24/2010,x,WA,ReverseLand,1601,32080
20xx,x,7/24/2010,x,WA,ReverseLand,1600,32060
20xx,x,7/24/2010,x,WA,ReverseLand,1599,32040
20xx,x,7/24/2010,x,WA,ReverseLand,1598,32020
20xx,x,7/24/2010,x,WA,ReverseLand,1597,32000
20xx,x,7/24/2010,x,WA,ReverseLand,1596,31980
20xx,x,7/24/2010,x,WA,ReverseLand,1595,31960
20xx,x,7/24/2010,x,WA,ReverseLand,1594,31940
20xx,x,7/24/2010,x,WA,ReverseLand,1593,31920
20xx,x,7/24/2010,x,WA,ReverseLand,1592,31900
20xx,x,7/24/2010,x,WA,ReverseLand,1591,31880
20xx,x,7/24/2010,x,WA,ReverseLand,1590,31860
20xx,x,7/24/2010,x,WA,ReverseLand,1589,31840
20xx,x,7/24/2010,x,WA,ReverseLand,1588,31820
20xx,x,7/24/2010,x,WA,ReverseLand,1587,31800
20xx,x,7/24/2010,x,WA,ReverseLand,1586,31780
20xx,x,7/24/2010,x,WA,ReverseLand,1585,31760
20xx,x,7/24/2010,x,WA,ReverseLand,1584,31740
20xx,x,7/24/2010,x,WA,ReverseLand,1583,31720
20xx,x,7/24/2010,x,WA,ReverseLand,1582,31700
20xx,x,7/24/2010,x,WA,ReverseLand,1581,31680
20xx,x,7/24/2010,x,WA,ReverseLand,1580,31660
20xx,x,7/24/2010,x,WA,ReverseLand,1579,31640
20xx,x,7/24/2010,x,WA,ReverseLand,1578,31620
20xx,x,7/24/2010,x,WA,ReverseLand,1577,31600
20xx,x,7/24/2010,x,WA,ReverseLand,1576,31580
20xx,x,7/24/2010,x,WA,ReverseLand,1575,31560
20xx,x,7/24/2010,x,WA,ReverseLand,1574,31540
20xx,x,7/24/2010,x,WA,ReverseLand,1573,31520
20xx,x,7/24/2010,x,WA,ReverseLand,1572,31500
20xx,x,7/24/2010,x,WA,ReverseLand,1571,31480
20xx,x,7/24/2010,x,WA,ReverseLand,1570,31460
20xx,x,7/24/2010,x,WA,ReverseLand,1569,31440
20xx,x,7/24/2010,x,WA,ReverseLand,1568,31420
20xx,x,7/24/2010,x,WA,ReverseLand,1567,31400
20xx,x,7/24/2010,x,WA,ReverseLand,1566,31380
20xx,x,7/24/2010,x,WA,ReverseLand,1565,31360
20xx,x,7/24/2010,x,WA,ReverseLand,1564,31340
20xx,x,7/24/2010,x,WA,ReverseLand,1563,31320
20xx,x,7/24/2010,x,WA,ReverseLand,1562,31300
20xx,x,7/24/2010,x,WA,ReverseLand,1561,31280
20xx,x,7/24/2010,x,WA,ReverseLand,1560,31260
20xx,x,7/24/2010,x,WA,ReverseLand,1559,31240
20xx,x,7/24/2010,x,WA,ReverseLand,1558,31220
20xx,x,7/24/2010,x,WA,ReverseLand,1557,31200
20xx,x,7/24/2010,x,WA,ReverseLand,1556,31180
20xx,x,7/24/2010,x,WA,ReverseLand,1555,31160
20xx,x,7/24/2010,x,WA,ReverseLand,1554,31140
20xx,x,7/24/2010,x,WA,ReverseLand,1553,31120
20xx,x,7/24/2010,x,WA,ReverseLand,1552,31100
20xx,x,7/24/2010,x,WA,ReverseLand,1551,31080
20xx,x,7/24/2010,x,WA,ReverseLand,1550,31060
20xx,x,7/24/2010,x,WA,ReverseLand,1549,31040
20xx,x,7/24/2010,x,WA,ReverseLand,1548,31020
20xx,x,7/24/2010,x,WA,ReverseLand,1547,31000
20xx,x,7/24/2010,x,WA,ReverseLand,1546,30980
20xx,x,7/24/2010,x,WA,ReverseLand,1545,30960
20xx,x,7/24/2010,x,WA,ReverseLand,1544,30940
20xx,x,7/24/2010,x,WA,ReverseLand,1543,30920
20xx,x,7/24/2010,x,WA,ReverseLand,1542,30900
20xx,x,7/24/2010,x,WA,ReverseLand,1541,30880
20xx,x,7/24/2010,x,WA,ReverseLand,1540,30860
20xx,x,7/24/2010,x,WA,ReverseLand,1539,30840
20xx,x,7/24/2010,x,WA,ReverseLand,1538,30820
20xx,x,7/24/2010,x,WA,ReverseLand,1537,30800
20xx,x,7/24/2010,x,WA,ReverseLand,1536,30780
20xx,x,7/24/2010,x,WA,ReverseLand,1535,30760
20xx,x,7/24/2010,x,WA,ReverseLand,1534,30740
20xx,x,7/24/2010,x,WA,ReverseLand,1533,30720
20xx,x,7/24/2010,x,WA,ReverseLand,1532,30700
20xx,x,7/24/2010,x,WA,ReverseLand,1531,30680
20xx,x,7/24/2010,x,WA,ReverseLand,1530,30660
20xx,x,7/24/2010,x,WA,ReverseLand,1529,30640
20xx,x,7/24/2010,x,WA,ReverseLand,1528,30620
20xx,x,7/24/2010,x,WA,ReverseLand,1527,30600
20xx,x,7/24/2010,x,WA,ReverseLand,1526,30580
20xx,x,7/24/2010,x,WA,ReverseLand,1525,30560
20xx,x,7/24/2010,x,WA,ReverseLand,1524,30540
20xx,x,7/24/2010,x,WA,ReverseLand,1523,30520
20xx,x,7/24/2010,x,WA,ReverseLand,1522,30500
20xx,x,7/24/2010,x,WA,ReverseLand,1521,30480
20xx,x,7/24/2010,x,WA,ReverseLand,1520,30460
20xx,x,7/24/2010,x,WA,ReverseLand,1519,30440
20xx,x,7/24/2010,x,WA,ReverseLand,1518,30420
20xx,x,7/24/2010,x,WA,ReverseLand,1517,30400
20xx,x,7/24/2010,x,WA,ReverseLand,1516,30380
20xx,x,7/24/2010,x,WA,ReverseLand,1515,30360
20xx,x,7/24/2010,x,WA,ReverseLand,1514,30340
20xx,x,7/24/2010,x,WA,ReverseLand,1513,30320
20xx,x,7/24/2010,x,WA,ReverseLand,1512,30300
20xx,x,7/24/2010,x,WA,ReverseLand,1511,30280
20xx,x,7/24/2010,x,WA,ReverseLand,1510,30260
20xx,x,7/24/2010,x,WA,ReverseLand,1509,30240
20xx,x,7/24/2010,x,WA,ReverseLand,1508,30220
20xx,x,7/24/2010,x,WA,ReverseLand,1507,30200
20xx,x,7/24/2010,x,WA,ReverseLand,1506,30180
20xx,x,7/24/2010,x,WA,ReverseLand,1505,30160
20xx,x,7/24/2010,x,WA,ReverseLand,1504,30140
20xx,x,7/24/2010,x,WA,ReverseLand,1503,30120
20xx,x,7/24/2010,x,WA,ReverseLand,1502,30100
20xx,x,7/24/2010,x,WA,ReverseLand,1501,30080
20xx,x,7/24/2010,x,WA,ReverseLand,1500,30060
20xx,x,7/24/2010,x,WA,ReverseLand,1499,30040
20xx,x,7/24/2010,x,WA,ReverseLand,1498,30020
20xx,x,7/24/2010,x,WA,ReverseLand,1497,30000
20xx,x,7/24/2010,x,WA,ReverseLand,1496,29980
20xx,x,7/24/2010,x,WA,ReverseLand,1495,29960
20xx,x,7/24/2010,x,WA,ReverseLand,1494,29940
20xx,x,7/24/2010,x,WA,ReverseLand,1493,29920
20xx,x,7/24/2010,x,WA,ReverseLand,1492,29900
20xx,x,7/24/2010,x,WA,ReverseLand,1491,29880
20xx,x,7/24/2010,x,WA,ReverseLand,1490,29860
20xx,x,7/24/2010,x,WA,ReverseLand,1489,29840
20xx,x,7/24/2010,x,WA,ReverseLand,1488,29820
20xx,x,7/24/2010,x,WA,ReverseLand,1487,29800
20xx,x,7/24/2010,x,WA,ReverseLand,1486,29780
20xx,x,7/24/2010,x,WA,ReverseLand,1485,29760
20xx,x,7/24/2010,x,WA,ReverseLand,1484,29740
20xx,x,7/24/2010,x,WA,ReverseLand,1483,29720
20xx,x,7/24/2010,x,WA,ReverseLand,1482,29700
20xx,x,7/24/2010,x,WA,ReverseLand,1481,29680
20xx,x,7/24/2010,x,WA,ReverseLand,1480,29660
20xx,x,7/24/2010,x,WA,ReverseLand,1479,29640
20xx,x,7/24/2010,x,WA,ReverseLand,1478,29620
20xx,x,7/24/2010,x,WA,ReverseLand,1477,29600
20xx,x,7/24/2010,x,WA,ReverseLand,1476,29580
20xx,x,7/24/2010,x,WA,ReverseLand,1475,29560
20xx,x,7/24/2010,x,WA,ReverseLand,1474,29540
20xx,x,7/24/2010,x,WA,ReverseLand,1473,29520
20xx,x,7/24/2010,x,WA,ReverseLand,1472,29500
20xx,x,7/24/2010,x,WA,ReverseLand,1471,29480
20xx,x,7/24/2010,x,WA,ReverseLand,1470,29460
20xx,x,7/24/2010,x,WA,ReverseLand,1469,29440
20xx,x,7/24/2010,x,WA,ReverseLand,1468,29420
20xx,x,7/24/2010,x,WA,ReverseLand,1467,29400
20xx,x,7/24/2010,x,WA,ReverseLand,1466,29380
20xx,x,7/24/2010,x,WA,ReverseLand,1465,29360
20xx,x,7/24/2010,x,WA,ReverseLand,1464,29340
20xx,x,7/24/2010,x,WA,ReverseLand,1463,29320
20xx,x,7/24/2010,x,WA,ReverseLand,1462,29300
20xx,x,7/24/2010,x,WA,ReverseLand,1461,29280
20xx,x,7/24/2010,x,WA,ReverseLand,1460,29260
20xx,x,7/24/2010,x,WA,ReverseLand,1459,29240
20xx,x,7/24/2010,x,WA,ReverseLand,1458,29220
20xx,x,7/24/2010,x,WA,ReverseLand,1457,29200
20xx,x,7/24/2010,x,WA,ReverseLand,1456,29180
20xx,x,7/24/2010,x,WA,ReverseLand,1455,29160
20xx,x,7/24/2010,x,WA,ReverseLand,1454,29140
20xx,x,7/24/2010,x,WA,ReverseLand,1453,29120
20xx,x,7/24/2010,x,WA,ReverseLand,1452,29100
20xx,x,7/24/2010,x,WA,ReverseLand,1451,29080
20xx,x,7/24/2010,x,WA,ReverseLand,1450,29060
20xx,x,7/24/2010,x,WA,ReverseLand,1449,29040
20xx,x,7/24/2010,x,WA,ReverseLand,1448,29020
20xx,x,7/24/2010,x,WA,ReverseLand,1447,29000
20xx,x,7/24/2010,x,WA,ReverseLand,1446,28980
20xx,x,7/24/2010,x,WA,ReverseLand,1445,28960
20xx,x,7/24/2010,x,WA,ReverseLand,1444,28940
20xx,x,7/24/2010,x,WA,ReverseLand,1443,28920
20xx,x,7/24/2010,x,WA,ReverseLand,1442,28900
20xx,x,7/24/2010,x,WA,ReverseLand,1441,28880
20xx,x,7/24/2010,x,WA,ReverseLand,1440,28860
20xx,x,7/24/2010,x,WA,ReverseLand,1439,28840
20xx,x,7/24/2010,x,WA,ReverseLand,1438,28820
20xx,x,7/24/2010,x,WA,ReverseLand,1437,28800
20xx,x,7/24/2010,x,WA,ReverseLand,1436,28780
20xx,x,7/24/2010,x,WA,ReverseLand,1435,28760
20xx,x,7/24/2010,x,WA,ReverseLand,1434,28740
20xx,x,7/24/2010,x,WA,ReverseLand,1433,28720
20xx,x,7/24/2010,x,WA,ReverseLand,1432,28700
20xx,x,7/24/2010,x,WA,ReverseLand,1431,28680
20xx,x,7/24/2010,x,WA,ReverseLand,1430,28660
20xx,x,7/24/2010,x,WA,ReverseLand,1429,28640
20xx,x,7/24/2010,x,WA,ReverseLand,1428,28620
20xx,x,7/24/2010,x,WA,ReverseLand,1427,28600
20xx,x,7/24/2010,x,WA,ReverseLand,1426,28580
20xx,x,7/24/2010,x,WA,ReverseLand,1425,28560
20xx,x,7/24/2010,x,WA,ReverseLand,1424,28540
20xx,x,7/24/2010,x,WA,ReverseLand,1423,28520
20xx,x,7/24/2010,x,WA,ReverseLand,1422,28500
20xx,x,7/24/2010,x,WA,ReverseLand,1421,28480
20xx,x,7/24/2010,x,WA,ReverseLand,1420,28460
20xx,x,7/24/2010,x,WA,ReverseLand,1419,28440
20xx,x,7/24/2010,x,WA,ReverseLand,1418,28420
20xx,x,7/24/2010,x,WA,ReverseLand,1417,28400
20xx,x,7/24/2010,x,WA,ReverseLand,1416,28380
20xx,x,7/24/2010,x,WA,ReverseLand,1415,28360
20xx,x,7/24/2010,x,WA,ReverseLand,1414,28340
20xx,x,7/24/2010,x,WA,ReverseLand,1413,28320
20xx,x,7/24/2010,x,WA,ReverseLand,1412,28300
20xx,x,7/24/2010,x,WA,ReverseLand,1411,28280
20xx,x,7/24/2010,x,WA,ReverseLand,1410,28260
20xx,x,7/24/2010,x,WA,ReverseLand,1409,28240
20xx,x,7/24/2010,x,WA,ReverseLand,1408,28220
20xx,x,7/24/2010,x,WA,ReverseLand,1407,28200
20xx,x,7/24/2010,x,WA,ReverseLand,1406,28180
20xx,x,7/24/2010,x,WA,ReverseLand,1405,28160
20xx,x,7/24/2010,x,WA,ReverseLand,1404,28140
20xx,x,7/24/2010,x,WA,ReverseLand,1403,28120
20xx,x,7/24/2010,x,WA,ReverseLand,1402,28100
20xx,x,7/24/2010,x,WA,ReverseLand,1401,28080
20xx,x,7/24/2010,x,WA,ReverseLand,1400,28060
20xx,x,7/24/2010,x,WA,ReverseLand,1399,28040
20xx,x,7/24/2010,x,WA,ReverseLand,1398,28020
20xx,x,7/24/2010,x,WA,ReverseLand,1397,28000
20xx,x,7/24/2010,x,WA,ReverseLand,1396,27980
20xx,x,7/24/2010,x,WA,ReverseLand,1395,27960
20xx,x,7/24/2010,x,WA,ReverseLand,1394,27940
20xx,x,7/24/2010,x,WA,ReverseLand,1393,27920
20xx,x,7/24/2010,x,WA,ReverseLand,1392,27900
20xx,x,7/24/2010,x,WA,ReverseLand,1391,27880
20xx,x,7/24/2010,x,WA,ReverseLand,1390,27860
20xx,x,7/24/2010,x,WA,ReverseLand,1389,27840
20xx,x,7/24/2010,x,WA,ReverseLand,1388,27820
20xx,x,7/24/2010,x,WA,ReverseLand,1387,27800
20xx,x,7/24/2010,x,WA,ReverseLand,1386,27780
20xx,x,7/24/2010,x,WA,ReverseLand,1385,27760
20xx,x,7/24/2010,x,WA,ReverseLand,1384,27740
20xx,x,7/24/2010,x,WA,ReverseLand,1383,27720
20xx,x,7/24/2010,x,WA,ReverseLand,1382,27700
20xx,x,7/24/2010,x,WA,ReverseLand,1381,27680
20xx,x,7/24/2010,x,WA,ReverseLand,1380,27660
20xx,x,7/24/2010,x,WA,ReverseLand,1379,27640
20xx,x,7/24/2010,x,WA,ReverseLand,1378,27620
20xx,x,7/24/2010,x,WA,ReverseLand,1377,27600
20xx,x,7/24/2010,x,WA,ReverseLand,1376,27580
20xx,x,7/24/2010,x,WA,ReverseLand,1375,27560
20xx,x,7/24/2010,x,WA,ReverseLand,1374,27540
20xx,x,7/24/2010,x,WA,ReverseLand,1373,27520
20xx,x,7/24/2010,x,WA,ReverseLand,1372,27500
20xx,x,7/24/2010,x,WA,ReverseLand,1371,27480
20xx,x,7/24/2010,x,WA,ReverseLand,1370,27460
20xx,x,7/24/2010,x,WA,ReverseLand,1369,27440
20xx,x,7/24/2010,x,WA,ReverseLand,1368,27420
20xx,x,7/24/2010,x,WA,ReverseLand,1367,27400
20xx,x,7/24/2010,x,WA,ReverseLand,1366,27380
20xx,x,7/24/2010,x,WA,ReverseLand,1365,27360
20xx,x,7/24/2010,x,WA,ReverseLand,1364,27340
20xx,x,7/24/2010,x,WA,ReverseLand,1363,27320
20xx,x,7/24/2010,x,WA,ReverseLand,1362,27300
20xx,x,7/24/2010,x,WA,ReverseLand,1361,27280
20xx,x,7/24/2010,x,WA,ReverseLand,1360,27260
20xx,x,7/24/2010,x,WA,ReverseLand,1359,27240
20xx,x,7/24/2010,x,WA,ReverseLand,1358,27220
20xx,x,7/24/2010,x,WA,ReverseLand,1357,27200
20xx,x,7/24/2010,x,WA,ReverseLand,1356,27180
20xx,x,7/24/2010,x,WA,ReverseLand,1355,27160
20xx,x,7/24/2010,x,WA,ReverseLand,1354,27140
20xx,x,7/24/2010,x,WA,ReverseLand,1353,27120
20xx,x,7/24/2010,x,WA,ReverseLand,1352,27100
20xx,x,7/24/2010,x,WA,ReverseLand,1351,27080
20xx,x,7/24/2010,x,WA,ReverseLand,1350,27060
20xx,x,7/24/2010,x,WA,ReverseLand,1349,27040
20xx,x,7/24/2010,x,WA,ReverseLand,1348,27020
20xx,x,7/24/2010,x,WA,ReverseLand,1347,27000
20xx,x,7/24/2010,x,WA,ReverseLand,1346,26980
20xx,x,7/24/2010,x,WA,ReverseLand,1345,26960
20xx,x,7/24/2010,x,WA,ReverseLand,1344,26940
20xx,x,7/24/2010,x,WA,ReverseLand,1343,26920
20xx,x,7/24/2010,x,WA,ReverseLand,1342,26900
20xx,x,7/24/2010,x,WA,ReverseLand,1341,26880
20xx,x,7/24/2010,x,WA,ReverseLand,1340,26860
20xx,x,7/24/2010,x,WA,ReverseLand,1339,26840
20xx,x,7/24/2010,x,WA,ReverseLand,1338,26820
20xx,x,7/24/2010,x,WA,ReverseLand,1337,26800
20xx,x,7/24/2010,x,WA,ReverseLand,1336,26780
20xx,x,7/24/2010,x,WA,ReverseLand,1335,26760
20xx,x,7/24/2010,x,WA,ReverseLand,1334,26740
20xx,x,7/24/2010,x,WA,ReverseLand,1333,26720
20xx,x,7/24/2010,x,WA,ReverseLand,1332,26700
20xx,x,7/24/2010,x,WA,ReverseLand,1331,26680
20xx,x,7/24/2010,x,WA,ReverseLand,1330,26660
20xx,x,7/24/2010,x,WA,ReverseLand,1329,26640
20xx,x,7/24/2010,x,WA,ReverseLand,1328,26620
20xx,x,7/24/2010,x,WA,ReverseLand,1327,26600
20xx,x,7/24/2010,x,WA,ReverseLand,1326,26580
20xx,x,7/24/2010,x,WA,ReverseLand,1325,26560
20xx,x,7/24/2010,x,WA,ReverseLand,1324,26540
20xx,x,7/24/2010,x,WA,ReverseLand,1323,26520
20xx,x,7/24/2010,x,WA,ReverseLand,1322,26500
20xx,x,7/24/2010,x,WA,ReverseLand,1321,26480
20xx,x,7/24/2010,x,WA,ReverseLand,1320,26460
20xx,x,7/24/2010,x,WA,ReverseLand,1319,26440
20xx,x,7/24/2010,x,WA,ReverseLand,1318,26420
20xx,x,7/24/2010,x,WA,ReverseLand,1317,26400
20xx,x,7/24/2010,x,WA,ReverseLand,1316,26380
20xx,x,7/24/2010,x,WA,ReverseLand,1315,26360
20xx,x,7/24/2010,x,WA,ReverseLand,1314,26340
20xx,x,7/24/2010,x,WA,ReverseLand,1313,26320
20xx,x,7/24/2010,x,WA,ReverseLand,1312,26300
20xx,x,7/24/2010,x,WA,ReverseLand,1311,26280
20xx,x,7/24/2010,x,WA,ReverseLand,1310,26260
20xx,x,7/24/2010,x,WA,ReverseLand,1309,26240
20xx,x,7/24/2010,x,WA,ReverseLand,1308,26220
20xx,x,7/24/2010,x,WA,ReverseLand,1307,26200
20xx,x,7/24/2010,x,WA,ReverseLand,1306,26180
20xx,x,7/24/2010,x,WA,ReverseLand,1305,26160
20xx,x,7/24/2010,x,WA,ReverseLand,1304,26140
20xx,x,7/24/2010,x,WA,ReverseLand,1303,26120
20xx,x,7/24/2010,x,WA,ReverseLand,1302,26100
20xx,x,7/24/2010,x,WA,ReverseLand,1301,26080
20xx,x,7/24/2010,x,WA,ReverseLand,1300,26060
20xx,x,7/24/2010,x,WA,ReverseLand,1299,26040
20xx,x,7/24/2010,x,WA,ReverseLand,1298,26020
20xx,x,7/24/2010,x,WA,ReverseLand,1297,26000
20xx,x,7/24/2010,x,WA,ReverseLand,1296,25980
20xx,x,7/24/2010,x,WA,ReverseLand,1295,25960
20xx,x,7/24/2010,x,WA,ReverseLand,1294,25940
20xx,x,7/24/2010,x,WA,ReverseLand,1293,25920
20xx,x,7/24/2010,x,WA,ReverseLand,1292,25900
20xx,x,7/24/2010,x,WA,ReverseLand,1291,25880
20xx,x,7/24/2010,x,WA,ReverseLand,1290,25860
20xx,x,7/24/2010,x,WA,ReverseLand,1289,25840
20xx,x,7/24/2010,x,WA,ReverseLand,1288,25820
20xx,x,7/24/2010,x,WA,ReverseLand,1287,25800
20xx,x,7/24/2010,x,WA,ReverseLand,1286,25780
20xx,x,7/24/2010,x,WA,ReverseLand,1285,25760
20xx,x,7/24/2010,x,WA,ReverseLand,1284,25740
20xx,x,7/24/2010,x,WA,ReverseLand,1283,25720
20xx,x,7/24/2010,x,WA,ReverseLand,1282,25700
20xx,x,7/24/2010,x,WA,ReverseLand,1281,25680
20xx,x,7/24/2010,x,WA,ReverseLand,1280,25660
20xx,x,7/24/2010,x,WA,ReverseLand,1279,25640
20xx,x,7/24/2010,x,WA,ReverseLand,1278,25620
20xx,x,7/24/2010,x,WA,ReverseLand,1277,25600
20xx,x,7/24/2010,x,WA,ReverseLand,1276,25580
20xx,x,7/24/2010,x,WA,ReverseLand,1275,25560
20xx,x,7/24/2010,x,WA,ReverseLand,1274,25540
20xx,x,7/24/2010,x,WA,ReverseLand,1273,25520
20xx,x,7/24/2010,x,WA,ReverseLand,1272,25500
20xx,x,7/24/2010,x,WA,ReverseLand,1271,25480
20xx,x,7/24/2010,x,WA,ReverseLand,1270,25460
20xx,x,7/24/2010,x,WA,ReverseLand,1269,25440
20xx,x,7/24/2010,x,WA,ReverseLand,1268,25420
20xx,x,7/24/2010,x,WA,ReverseLand,1267,25400
20xx,x,7/24/2010,x,WA,ReverseLand,1266,25380
20xx,x,7/24/2010,x,WA,ReverseLand,1265,25360
20xx,x,7/24/2010,x,WA,ReverseLand,1264,25340
20xx,x,7/24/2010,x,WA,ReverseLand,1263,25320
20xx,x,7/24/2010,x,WA,ReverseLand,1262,25300
20xx,x,7/24/2010,x,WA,ReverseLand,1261,25280
20xx,x,7/24/2010,x,WA,ReverseLand,1260,25260
20xx,x,7/24/2010,x,WA,ReverseLand,1259,25240
20xx,x,7/24/2010,x,WA,ReverseLand,1258,25220
20xx,x,7/24/2010,x,WA,ReverseLand,1257,25200
20xx,x,7/24/2010,x,WA,ReverseLand,1256,25180
20xx,x,7/24/2010,x,WA,ReverseLand,1255,25160
20xx,x,7/24/2010,x,WA,ReverseLand,1254,25140
20xx,x,7/24/2010,x,WA,ReverseLand,1253,25120
20xx,x,7/24/2010,x,WA,ReverseLand,1252,25100
20xx,x,7/24/2010,x,WA,ReverseLand,1251,25080
20xx,x,7/24/2010,x,WA,ReverseLand,1250,25060
20xx,x,7/24/2010,x,WA,ReverseLand,1249,25040
20xx,x,7/24/2010,x,WA,ReverseLand,1248,25020
20xx,x,7/24/2010,x,WA,ReverseLand,1247,25000
20xx,x,7/24/2010,x,WA,ReverseLand,1246,24980
20xx,x,7/24/2010,x,WA,ReverseLand,1245,24960
20xx,x,7/24/2010,x,WA,ReverseLand,1244,24940
20xx,x,7/24/2010,x,WA,ReverseLand,1243,24920
20xx,x,7/24/2010,x,WA,ReverseLand,1242,24900
20xx,x,7/24/2010,x,WA,ReverseLand,1241,24880
20xx,x,7/24/2010,x,WA,ReverseLand,1240,24860
20xx,x,7/24/2010,x,WA,ReverseLand,1239,24840
20xx,x,7/24/2010,x,WA,ReverseLand,1238,24820
20xx,x,7/24/2010,x,WA,ReverseLand,1237,24800
20xx,x,7/24/2010,x,WA,ReverseLand,1236,24780
20xx,x,7/24/2010,x,WA,ReverseLand,1235,24760
20xx,x,7/24/2010,x,WA,ReverseLand,1234,24740
20xx,x,7/24/2010,x,WA,ReverseLand,1233,24720
20xx,x,7/24/2010,x,WA,ReverseLand,1232,24700
20xx,x,7/24/2010,x,WA,ReverseLand,1231,24680
20xx,x,7/24/2010,x,WA,ReverseLand,1230,24660
20xx,x,7/24/2010,x,WA,ReverseLand,1229,24640
20xx,x,7/24/2010,x,WA,ReverseLand,1228,24620
20xx,x,7/24/2010,x,WA,ReverseLand,1227,24600
20xx,x,7/24/2010,x,WA,ReverseLand,1226,24580
20xx,x,7/24/2010,x,WA,ReverseLand,1225,24560
20xx,x,7/24/2010,x,WA,ReverseLand,1224,24540
20xx,x,7/24/2010,x,WA,ReverseLand,1223,24520
20xx,x,7/24/2010,x,WA,ReverseLand,1222,24500
20xx,x,7/24/2010,x,WA,ReverseLand,1221,24480
20xx,x,7/24/2010,x,WA,ReverseLand,1220,24460
20xx,x,7/24/2010,x,WA,ReverseLand,1219,24440
20xx,x,7/24/2010,x,WA,ReverseLand,1218,24420
20xx,x,7/24/2010,x,WA,ReverseLand,1217,24400
20xx,x,7/24/2010,x,WA,ReverseLand,1216,24380
20xx,x,7/24/2010,x,WA,ReverseLand,1215,24360
20xx,x,7/24/2010,x,WA,ReverseLand,1214,24340
20xx,x,7/24/2010,x,WA,ReverseLand,1213,24320
20xx,x,7/24/2010,x,WA,ReverseLand,1212,24300
20xx,x,7/24/2010,x,WA,ReverseLand,1211,24280
20xx,x,7/24/2010,x,WA,ReverseLand,1210,24260
20xx,x,7/24/2010,x,WA,ReverseLand,1209,24240
20xx,x,7/24/2010,x,WA,ReverseLand,1208,24220
20xx,x,7/24/2010,x,WA,ReverseLand,1207,24200
20xx,x,7/24/2010,x,WA,ReverseLand,1206,24180
20xx,x,7/24/2010,x,WA,ReverseLand,1205,24160
20xx,x,7/24/2010,x,WA,ReverseLand,1204,24140
20xx,x,7/24/2010,x,WA,ReverseLand,1203,24120
20xx,x,7/24/2010,x,WA,ReverseLand,1202,24100
20xx,x,7/24/2010,x,WA,ReverseLand,1201,24080
20xx,x,7/24/2010,x,WA,ReverseLand,1200,24060
20xx,x,7/24/2010,x,WA,ReverseLand,1199,24040
20xx,x,7/24/2010,x,WA,ReverseLand,1198,24020
20xx,x,7/24/2010,x,WA,ReverseLand,1197,24000
20xx,x,7/24/2010,x,WA,ReverseLand,1196,23980
20xx,x,7/24/2010,x,WA,ReverseLand,1195,23960
20xx,x,7/24/2010,x,WA,ReverseLand,1194,23940
20xx,x,7/24/2010,x,WA,ReverseLand,1193,23920
20xx,x,7/24/2010,x,WA,ReverseLand,1192,23900
20xx,x,7/24/2010,x,WA,ReverseLand,1191,23880
20xx,x,7/24/2010,x,WA,ReverseLand,1190,23860
20xx,x,7/24/2010,x,WA,ReverseLand,1189,23840
20xx,x,7/24/2010,x,WA,ReverseLand,1188,23820
20xx,x,7/24/2010,x,WA,ReverseLand,1187,23800
20xx,x,7/24/2010,x,WA,ReverseLand,1186,23780
20xx,x,7/24/2010,x,WA,ReverseLand,1185,23760
20xx,x,7/24/2010,x,WA,ReverseLand,1184,23740
20xx,x,7/24/2010,x,WA,ReverseLand,1183,23720
20xx,x,7/24/2010,x,WA,ReverseLand,1182,23700
20xx,x,7/24/2010,x,WA,ReverseLand,1181,23680
20xx,x,7/24/2010,x,WA,ReverseLand,1180,23660
20xx,x,7/24/2010,x,WA,ReverseLand,1179,23640
20xx,x,7/24/2010,x,WA,ReverseLand,1178,23620
20xx,x,7/24/2010,x,WA,ReverseLand,1177,23600
20xx,x,7/24/2010,x,WA,ReverseLand,1176,23580
20xx,x,7/24/2010,x,WA,ReverseLand,1175,23560
20xx,x,7/24/2010,x,WA,ReverseLand,1174,23540
20xx,x,7/24/2010,x,WA,ReverseLand,1173,23520
20xx,x,7/24/2010,x,WA,ReverseLand,1172,23500
20xx,x,7/24/2010,x,WA,ReverseLand,1171,23480
20xx,x,7/24/2010,x,WA,ReverseLand,1170,23460
20xx,x,7/24/2010,x,WA,ReverseLand,1169,23440
20xx,x,7/24/2010,x,WA,ReverseLand,1168,23420
20xx,x,7/24/2010,x,WA,ReverseLand,1167,23400
20xx,x,7/24/2010,x,WA,ReverseLand,1166,23380
20xx,x,7/24/2010,x,WA,ReverseLand,1165,23360
20xx,x,7/24/2010,x,WA,ReverseLand,1164,23340
20xx,x,7/24/2010,x,WA,ReverseLand,1163,23320
20xx,x,7/24/2010,x,WA,ReverseLand,1162,23300
20xx,x,7/24/2010,x,WA,ReverseLand,1161,23280
20xx,x,7/24/2010,x,WA,ReverseLand,1160,23260
20xx,x,7/24/2010,x,WA,ReverseLand,1159,23240
20xx,x,7/24/2010,x,WA,ReverseLand,1158,23220
20xx,x,7/24/2010,x,WA,ReverseLand,1157,23200
20xx,x,7/24/2010,x,WA,ReverseLand,1156,23180
20xx,x,7/24/2010,x,WA,ReverseLand,1155,23160
20xx,x,7/24/2010,x,WA,ReverseLand,1154,23140
20xx,x,7/24/2010,x,WA,ReverseLand,1153,23120
20xx,x,7/24/2010,x,WA,ReverseLand,1152,23100
20xx,x,7/24/2010,x,WA,ReverseLand,1151,23080
20xx,x,7/24/2010,x,WA,ReverseLand,1150,23060
20xx,x,7/24/2010,x,WA,ReverseLand,1149,23040
20xx,x,7/24/2010,x,WA,ReverseLand,1148,23020
20xx,x,7/24/2010,x,WA,ReverseLand,1147,23000
20xx,x,7/24/2010,x,WA,ReverseLand,1146,22980
20xx,x,7/24/2010,x,WA,ReverseLand,1145,22960
20xx,x,7/24/2010,x,WA,ReverseLand,1144,22940
20xx,x,7/24/2010,x,WA,ReverseLand,1143,22920
20xx,x,7/24/2010,x,WA,ReverseLand,1142,22900
20xx,x,7/24/2010,x,WA,ReverseLand,1141,22880
20xx,x,7/24/2010,x,WA,ReverseLand,1140,22860
20xx,x,7/24/2010,x,WA,ReverseLand,1139,22840
20xx,x,7/24/2010,x,WA,ReverseLand,1138,22820
20xx,x,7/24/2010,x,WA,ReverseLand,1137,22800
20xx,x,7/24/2010,x,WA,ReverseLand,1136,22780
20xx,x,7/24/2010,x,WA,ReverseLand,1135,22760
20xx,x,7/24/2010,x,WA,ReverseLand,1134,22740
20xx,x,7/24/2010,x,WA,ReverseLand,1133,22720
20xx,x,7/24/2010,x,WA,ReverseLand,1132,22700
20xx,x,7/24/2010,x,WA,ReverseLand,1131,22680
20xx,x,7/24/2010,x,WA,ReverseLand,1130,22660
20xx,x,7/24/2010,x,WA,ReverseLand,1129,22640
20xx,x,7/24/2010,x,WA,ReverseLand,1128,22620
20xx,x,7/24/2010,x,WA,ReverseLand,1127,22600
20xx,x,7/24/2010,x,WA,ReverseLand,1126,22580
20xx,x,7/24/2010,x,WA,ReverseLand,1125,22560
20xx,x,7/24/2010,x,WA,ReverseLand,1124,22540
20xx,x,7/24/2010,x,WA,ReverseLand,1123,22520
20xx,x,7/24/2010,x,WA,ReverseLand,1122,22500
20xx,x,7/24/2010,x,WA,ReverseLand,1121,22480
20xx,x,7/24/2010,x,WA,ReverseLand,1120,22460
20xx,x,7/24/2010,x,WA,ReverseLand,1119,22440
20xx,x,7/24/2010,x,WA,ReverseLand,1118,22420
20xx,x,7/24/2010,x,WA,ReverseLand,1117,22400
20xx,x,7/24/2010,x,WA,ReverseLand,1116,22380
20xx,x,7/24/2010,x,WA,ReverseLand,1115,22360
20xx,x,7/24/2010,x,WA,ReverseLand,1114,22340
20xx,x,7/24/2010,x,WA,ReverseLand,1113,22320
20xx,x,7/24/2010,x,WA,ReverseLand,1112,22300
20xx,x,7/24/2010,x,WA,ReverseLand,1111,22280
20xx,x,7/24/2010,x,WA,ReverseLand,1110,22260
20xx,x,7/24/2010,x,WA,ReverseLand,1109,22240
20xx,x,7/24/2010,x,WA,ReverseLand,1108,22220
20xx,x,7/24/2010,x,WA,ReverseLand,1107,22200
20xx,x,7/24/2010,x,WA,ReverseLand,1106,22180
20xx,x,7/24/2010,x,WA,ReverseLand,1105,22160
20xx,x,7/24/2010,x,WA,ReverseLand,1104,22140
20xx,x,7/24/2010,x,WA,ReverseLand,1103,22120
20xx,x,7/24/2010,x,WA,ReverseLand,1102,22100
20xx,x,7/24/2010,x,WA,ReverseLand,1101,22080
20xx,x,7/24/2010,x,WA,ReverseLand,1100,22060
20xx,x,7/24/2010,x,WA,ReverseLand,1099,22040
20xx,x,7/24/2010,x,WA,ReverseLand,1098,22020
20xx,x,7/24/2010,x,WA,ReverseLand,1097,22000
20xx,x,7/24/2010,x,WA,ReverseLand,1096,21980
20xx,x,7/24/2010,x,WA,ReverseLand,1095,21960
20xx,x,7/24/2010,x,WA,ReverseLand,1094,21940
20xx,x,7/24/2010,x,WA,ReverseLand,1093,21920
20xx,x,7/24/2010,x,WA,ReverseLand,1092,21900
20xx,x,7/24/2010,x,WA,ReverseLand,1091,21880
20xx,x,7/24/2010,x,WA,ReverseLand,1090,21860
20xx,x,7/24/2010,x,WA,ReverseLand,1089,21840
20xx,x,7/24/2010,x,WA,ReverseLand,1088,21820
20xx,x,7/24/2010,x,WA,ReverseLand,1087,21800
20xx,x,7/24/2010,x,WA,ReverseLand,1086,21780
20xx,x,7/24/2010,x,WA,ReverseLand,1085,21760
20xx,x,7/24/2010,x,WA,ReverseLand,1084,21740
20xx,x,7/24/2010,x,WA,ReverseLand,1083,21720
20xx,x,7/24/2010,x,WA,ReverseLand,1082,21700
20xx,x,7/24/2010,x,WA,ReverseLand,1081,21680
20xx,x,7/24/2010,x,WA,ReverseLand,1080,21660
20xx,x,7/24/2010,x,WA,ReverseLand,1079,21640
20xx,x,7/24/2010,x,WA,ReverseLand,1078,21620
20xx,x,7/24/2010,x,WA,ReverseLand,1077,21600
20xx,x,7/24/2010,x,WA,ReverseLand,1076,21580
20xx,x,7/24/2010,x,WA,ReverseLand,1075,21560
20xx,x,7/24/2010,x,WA,ReverseLand,1074,21540
20xx,x,7/24/2010,x,WA,ReverseLand,1073,21520
20xx,x,7/24/2010,x,WA,ReverseLand,1072,21500
20xx,x,7/24/2010,x,WA,ReverseLand,1071,21480
20xx,x,7/24/2010,x,WA,ReverseLand,1070,21460
20xx,x,7/24/2010,x,WA,ReverseLand,1069,21440
20xx,x,7/24/2010,x,WA,ReverseLand,1068,21420
20xx,x,7/24/2010,x,WA,ReverseLand,1067,21400
20xx,x,7/24/2010,x,WA,ReverseLand,1066,21380
20xx,x,7/24/2010,x,WA,ReverseLand,1065,21360
20xx,x,7/24/2010,x,WA,ReverseLand,1064,21340
20xx,x,7/24/2010,x,WA,ReverseLand,1063,21320
20xx,x,7/24/2010,x,WA,ReverseLand,1062,21300
20xx,x,7/24/2010,x,WA,ReverseLand,1061,21280
20xx,x,7/24/2010,x,WA,ReverseLand,1060,21260
20xx,x,7/24/2010,x,WA,ReverseLand,1059,21240
20xx,x,7/24/2010,x,WA,ReverseLand,1058,21220
20xx,x,7/24/2010,x,WA,ReverseLand,1057,21200
20xx,x,7/24/2010,x,WA,ReverseLand,1056,21180
20xx,x,7/24/2010,x,WA,ReverseLand,1055,21160
20xx,x,7/24/2010,x,WA,ReverseLand,1054,21140
20xx,x,7/24/2010,x,WA,ReverseLand,1053,21120
20xx,x,7/24/2010,x,WA,ReverseLand,1052,21100
20xx,x,7/24/2010,x,WA,ReverseLand,1051,21080
20xx,x,7/24/2010,x,WA,ReverseLand,1050,21060
20xx,x,7/24/2010,x,WA,ReverseLand,1049,21040
20xx,x,7/24/2010,x,WA,ReverseLand,1048,21020
20xx,x,7/24/2010,x,WA,ReverseLand,1047,21000
20xx,x,7/24/2010,x,WA,ReverseLand,1046,20980
20xx,x,7/24/2010,x,WA,ReverseLand,1045,20960
20xx,x,7/24/2010,x,WA,ReverseLand,1044,20940
20xx,x,7/24/2010,x,WA,ReverseLand,1043,20920
20xx,x,7/24/2010,x,WA,ReverseLand,1042,20900
20xx,x,7/24/2010,x,WA,ReverseLand,1041,20880
20xx,x,7/24/2010,x,WA,ReverseLand,1040,20860
20xx,x,7/24/2010,x,WA,ReverseLand,1039,20840
20xx,x,7/24/2010,x,WA,ReverseLand,1038,20820
20xx,x,7/24/2010,x,WA,ReverseLand,1037,20800
20xx,x,7/24/2010,x,WA,ReverseLand,1036,20780
20xx,x,7/24/2010,x,WA,ReverseLand,1035,20760
20xx,x,7/24/2010,x,WA,ReverseLand,1034,20740
20xx,x,7/24/2010,x,WA,ReverseLand,1033,20720
20xx,x,7/24/2010,x,WA,ReverseLand,1032,20700
20xx,x,7/24/2010,x,WA,ReverseLand,1031,20680
20xx,x,7/24/2010,x,WA,ReverseLand,1030,20660
20xx,x,7/24/2010,x,WA,ReverseLand,1029,20640
20xx,x,7/24/2010,x,WA,ReverseLand,1028,20620
20xx,x,7/24/2010,x,WA,ReverseLand,1027,20600
20xx,x,7/24/2010,x,WA,ReverseLand,1026,20580
20xx,x,7/24/2010,x,WA,ReverseLand,1025,20560
20xx,x,7/24/2010,x,WA,ReverseLand,1024,20540
20xx,x,7/24/2010,x,WA,ReverseLand,1023,20520
20xx,x,7/24/2010,x,WA,ReverseLand,1022,20500
20xx,x,7/24/2010,x,WA,ReverseLand,1021,20480
20xx,x,7/24/2010,x,WA,ReverseLand,1020,20460
20xx,x,7/24/2010,x,WA,ReverseLand,1019,20440
20xx,x,7/24/2010,x,WA,ReverseLand,1018,20420
20xx,x,7/24/2010,x,WA,ReverseLand,1017,20400
20xx,x,7/24/2010,x,WA,ReverseLand,1016,20380
20xx,x,7/24/2010,x,WA,ReverseLand,1015,20360
20xx,x,7/24/2010,x,WA,ReverseLand,1014,20340
20xx,x,7/24/2010,x,WA,ReverseLand,1013,20320
20xx,x,7/24/2010,x,WA,ReverseLand,1012,20300
20xx,x,7/24/2010,x,WA,ReverseLand,1011,20280
20xx,x,7/24/2010,x,WA,ReverseLand,1010,20260
20xx,x,7/24/2010,x,WA,ReverseLand,1009,20240
20xx,x,7/24/2010,x,WA,ReverseLand,1008,20220
20xx,x,7/24/2010,x,WA,ReverseLand,1007,20200
20xx,x,7/24/2010,x,WA,ReverseLand,1006,20180
20xx,x,7/24/2010,x,WA,ReverseLand,1005,20160
20xx,x,7/24/2010,x,WA,ReverseLand,1004,20140
20xx,x,7/24/2010,x,WA,ReverseLand,1003,20120
20xx,x,7/24/2010,x,WA,ReverseLand,1002,20100
20xx,x,7/24/2010,x,WA,ReverseLand,1001,20080
20xx,x,7/24/2010,x,WA,ReverseLand,1000,20060
20xx,x,7/24/2010,x,WA,ReverseLand,999,20040
20xx,x,7/24/2010,x,WA,ReverseLand,998,20020
20xx,x,7/24/2010,x,WA,ReverseLand,997,20000
20xx,x,7/24/2010,x,WA,ReverseLand,996,19980
20xx,x,7/24/2010,x,WA,ReverseLand,995,19960
20xx,x,7/24/2010,x,WA,ReverseLand,994,19940
20xx,x,7/24/2010,x,WA,ReverseLand,993,19920
20xx,x,7/24/2010,x,WA,ReverseLand,992,19900
20xx,x,7/24/2010,x,WA,ReverseLand,991,19880
20xx,x,7/24/2010,x,WA,ReverseLand,990,19860
20xx,x,7/24/2010,x,WA,ReverseLand,989,19840
20xx,x,7/24/2010,x,WA,ReverseLand,988,19820
20xx,x,7/24/2010,x,WA,ReverseLand,987,19800
20xx,x,7/24/2010,x,WA,ReverseLand,986,19780
20xx,x,7/24/2010,x,WA,ReverseLand,985,19760
20xx,x,7/24/2010,x,WA,ReverseLand,984,19740
20xx,x,7/24/2010,x,WA,ReverseLand,983,19720
20xx,x,7/24/2010,x,WA,ReverseLand,982,19700
20xx,x,7/24/2010,x,WA,ReverseLand,981,19680
20xx,x,7/24/2010,x,WA,ReverseLand,980,19660
20xx,x,7/24/2010,x,WA,ReverseLand,979,19640
20xx,x,7/24/2010,x,WA,ReverseLand,978,19620
20xx,x,7/24/2010,x,WA,ReverseLand,977,19600
20xx,x,7/24/2010,x,WA,ReverseLand,976,19580
20xx,x,7/24/2010,x,WA,ReverseLand,975,19560
20xx,x,7/24/2010,x,WA,ReverseLand,974,19540
20xx,x,7/24/2010,x,WA,ReverseLand,973,19520
20xx,x,7/24/2010,x,WA,ReverseLand,972,19500
20xx,x,7/24/2010,x,WA,ReverseLand,971,19480
20xx,x,7/24/2010,x,WA,ReverseLand,970,19460
20xx,x,7/24/2010,x,WA,ReverseLand,969,19440
20xx,x,7/24/2010,x,WA,ReverseLand,968,19420
20xx,x,7/24/2010,x,WA,ReverseLand,967,19400
20xx,x,7/24/2010,x,WA,ReverseLand,966,19380
20xx,x,7/24/2010,x,WA,ReverseLand,965,19360
20xx,x,7/24/2010,x,WA,ReverseLand,964,19340
20xx,x,7/24/2010,x,WA,ReverseLand,963,19320
20xx,x,7/24/2010,x,WA,ReverseLand,962,19300
20xx,x,7/24/2010,x,WA,ReverseLand,961,19280
20xx,x,7/24/2010,x,WA,ReverseLand,960,19260
20xx,x,7/24/2010,x,WA,ReverseLand,959,19240
20xx,x,7/24/2010,x,WA,ReverseLand,958,19220
20xx,x,7/24/2010,x,WA,ReverseLand,957,19200
20xx,x,7/24/2010,x,WA,ReverseLand,956,19180
20xx,x,7/24/2010,x,WA,ReverseLand,955,19160
20xx,x,7/24/2010,x,WA,ReverseLand,954,19140
20xx,x,7/24/2010,x,WA,ReverseLand,953,19120
20xx,x,7/24/2010,x,WA,ReverseLand,952,19100
20xx,x,7/24/2010,x,WA,ReverseLand,951,19080
20xx,x,7/24/2010,x,WA,ReverseLand,950,19060
20xx,x,7/24/2010,x,WA,ReverseLand,949,19040
20xx,x,7/24/2010,x,WA,ReverseLand,948,19020
20xx,x,7/24/2010,x,WA,ReverseLand,947,19000
20xx,x,7/24/2010,x,WA,ReverseLand,946,18980
20xx,x,7/24/2010,x,WA,ReverseLand,945,18960
20xx,x,7/24/2010,x,WA,ReverseLand,944,18940
20xx,x,7/24/2010,x,WA,ReverseLand,943,18920
20xx,x,7/24/2010,x,WA,ReverseLand,942,18900
20xx,x,7/24/2010,x,WA,ReverseLand,941,18880
20xx,x,7/24/2010,x,WA,ReverseLand,940,18860
20xx,x,7/24/2010,x,WA,ReverseLand,939,18840
20xx,x,7/24/2010,x,WA,ReverseLand,938,18820
20xx,x,7/24/2010,x,WA,ReverseLand,937,18800
20xx,x,7/24/2010,x,WA,ReverseLand,936,18780
20xx,x,7/24/2010,x,WA,ReverseLand,935,18760
20xx,x,7/24/2010,x,WA,ReverseLand,934,18740
20xx,x,7/24/2010,x,WA,ReverseLand,933,18720
20xx,x,7/24/2010,x,WA,ReverseLand,932,18700
20xx,x,7/24/2010,x,WA,ReverseLand,931,18680
20xx,x,7/24/2010,x,WA,ReverseLand,930,18660
20xx,x,7/24/2010,x,WA,ReverseLand,929,18640
20xx,x,7/24/2010,x,WA,ReverseLand,928,18620
20xx,x,7/24/2010,x,WA,ReverseLand,927,18600
20xx,x,7/24/2010,x,WA,ReverseLand,926,18580
20xx,x,7/24/2010,x,WA,ReverseLand,925,18560
20xx,x,7/24/2010,x,WA,ReverseLand,924,18540
20xx,x,7/24/2010,x,WA,ReverseLand,923,18520
20xx,x,7/24/2010,x,WA,ReverseLand,922,18500
20xx,x,7/24/2010,x,WA,ReverseLand,921,18480
20xx,x,7/24/2010,x,WA,ReverseLand,920,18460
20xx,x,7/24/2010,x,WA,ReverseLand,919,18440
20xx,x,7/24/2010,x,WA,ReverseLand,918,18420
20xx,x,7/24/2010,x,WA,ReverseLand,917,18400
20xx,x,7/24/2010,x,WA,ReverseLand,916,18380
20xx,x,7/24/2010,x,WA,ReverseLand,915,18360
20xx,x,7/24/2010,x,WA,ReverseLand,914,18340
20xx,x,7/24/2010,x,WA,ReverseLand,913,18320
20xx,x,7/24/2010,x,WA,ReverseLand,912,18300
20xx,x,7/24/2010,x,WA,ReverseLand,911,18280
20xx,x,7/24/2010,x,WA,ReverseLand,910,18260
20xx,x,7/24/2010,x,WA,ReverseLand,909,18240
20xx,x,7/24/2010,x,WA,ReverseLand,908,18220
20xx,x,7/24/2010,x,WA,ReverseLand,907,18200
20xx,x,7/24/2010,x,WA,ReverseLand,906,18180
20xx,x,7/24/2010,x,WA,ReverseLand,905,18160
20xx,x,7/24/2010,x,WA,ReverseLand,904,18140
20xx,x,7/24/2010,x,WA,ReverseLand,903,18120
20xx,x,7/24/2010,x,WA,ReverseLand,902,18100
20xx,x,7/24/2010,x,WA,ReverseLand,901,18080
20xx,x,7/24/2010,x,WA,ReverseLand,900,18060
20xx,x,7/24/2010,x,WA,ReverseLand,899,18040
20xx,x,7/24/2010,x,WA,ReverseLand,898,18020
20xx,x,7/24/2010,x,WA,ReverseLand,897,18000
20xx,x,7/24/2010,x,WA,ReverseLand,896,17980
20xx,x,7/24/2010,x,WA,ReverseLand,895,17960
20xx,x,7/24/2010,x,WA,ReverseLand,894,17940
20xx,x,7/24/2010,x,WA,ReverseLand,893,17920
20xx,x,7/24/2010,x,WA,ReverseLand,892,17900
20xx,x,7/24/2010,x,WA,ReverseLand,891,17880
20xx,x,7/24/2010,x,WA,ReverseLand,890,17860
20xx,x,7/24/2010,x,WA,ReverseLand,889,17840
20xx,x,7/24/2010,x,WA,ReverseLand,888,17820
20xx,x,7/24/2010,x,WA,ReverseLand,887,17800
20xx,x,7/24/2010,x,WA,ReverseLand,886,17780
20xx,x,7/24/2010,x,WA,ReverseLand,885,17760
20xx,x,7/24/2010,x,WA,ReverseLand,884,17740
20xx,x,7/24/2010,x,WA,ReverseLand,883,17720
20xx,x,7/24/2010,x,WA,ReverseLand,882,17700
20xx,x,7/24/2010,x,WA,ReverseLand,881,17680
20xx,x,7/24/2010,x,WA,ReverseLand,880,17660
20xx,x,7/24/2010,x,WA,ReverseLand,879,17640
20xx,x,7/24/2010,x,WA,ReverseLand,878,17620
20xx,x,7/24/2010,x,WA,ReverseLand,877,17600
20xx,x,7/24/2010,x,WA,ReverseLand,876,17580
20xx,x,7/24/2010,x,WA,ReverseLand,875,17560
20xx,x,7/24/2010,x,WA,ReverseLand,874,17540
20xx,x,7/24/2010,x,WA,ReverseLand,873,17520
20xx,x,7/24/2010,x,WA,ReverseLand,872,17500
20xx,x,7/24/2010,x,WA,ReverseLand,871,17480
20xx,x,7/24/2010,x,WA,ReverseLand,870,17460
20xx,x,7/24/2010,x,WA,ReverseLand,869,17440
20xx,x,7/24/2010,x,WA,ReverseLand,868,17420
20xx,x,7/24/2010,x,WA,ReverseLand,867,17400
20xx,x,7/24/2010,x,WA,ReverseLand,866,17380
20xx,x,7/24/2010,x,WA,ReverseLand,865,17360
20xx,x,7/24/2010,x,WA,ReverseLand,864,17340
20xx,x,7/24/2010,x,WA,ReverseLand,863,17320
20xx,x,7/24/2010,x,WA,ReverseLand,862,17300
20xx,x,7/24/2010,x,WA,ReverseLand,861,17280
20xx,x,7/24/2010,x,WA,ReverseLand,860,17260
20xx,x,7/24/2010,x,WA,ReverseLand,859,17240
20xx,x,7/24/2010,x,WA,ReverseLand,858,17220
20xx,x,7/24/2010,x,WA,ReverseLand,857,17200
20xx,x,7/24/2010,x,WA,ReverseLand,856,17180
20xx,x,7/24/2010,x,WA,ReverseLand,855,17160
20xx,x,7/24/2010,x,WA,ReverseLand,854,17140
20xx,x,7/24/2010,x,WA,ReverseLand,853,17120
20xx,x,7/24/2010,x,WA,ReverseLand,852,17100
20xx,x,7/24/2010,x,WA,ReverseLand,851,17080
20xx,x,7/24/2010,x,WA,ReverseLand,850,17060
20xx,x,7/24/2010,x,WA,ReverseLand,849,17040
20xx,x,7/24/2010,x,WA,ReverseLand,848,17020
20xx,x,7/24/2010,x,WA,ReverseLand,847,17000
20xx,x,7/24/2010,x,WA,ReverseLand,846,16980
20xx,x,7/24/2010,x,WA,ReverseLand,845,16960
20xx,x,7/24/2010,x,WA,ReverseLand,844,16940
20xx,x,7/24/2010,x,WA,ReverseLand,843,16920
20xx,x,7/24/2010,x,WA,ReverseLand,842,16900
20xx,x,7/24/2010,x,WA,ReverseLand,841,16880
20xx,x,7/24/2010,x,WA,ReverseLand,840,16860
20xx,x,7/24/2010,x,WA,ReverseLand,839,16840
20xx,x,7/24/2010,x,WA,ReverseLand,838,16820
20xx,x,7/24/2010,x,WA,ReverseLand,837,16800
20xx,x,7/24/2010,x,WA,ReverseLand,836,16780
20xx,x,7/24/2010,x,WA,ReverseLand,835,16760
20xx,x,7/24/2010,x,WA,ReverseLand,834,16740
20xx,x,7/24/2010,x,WA,ReverseLand,833,16720
20xx,x,7/24/2010,x,WA,ReverseLand,832,16700
20xx,x,7/24/2010,x,WA,ReverseLand,831,16680
20xx,x,7/24/2010,x,WA,ReverseLand,830,16660
20xx,x,7/24/2010,x,WA,ReverseLand,829,16640
20xx,x,7/24/2010,x,WA,ReverseLand,828,16620
20xx,x,7/24/2010,x,WA,ReverseLand,827,16600
20xx,x,7/24/2010,x,WA,ReverseLand,826,16580
20xx,x,7/24/2010,x,WA,ReverseLand,825,16560
20xx,x,7/24/2010,x,WA,ReverseLand,824,16540
20xx,x,7/24/2010,x,WA,ReverseLand,823,16520
20xx,x,7/24/2010,x,WA,ReverseLand,822,16500
20xx,x,7/24/2010,x,WA,ReverseLand,821,16480
20xx,x,7/24/2010,x,WA,ReverseLand,820,16460
20xx,x,7/24/2010,x,WA,ReverseLand,819,16440
20xx,x,7/24/2010,x,WA,ReverseLand,818,16420
20xx,x,7/24/2010,x,WA,ReverseLand,817,16400
20xx,x,7/24/2010,x,WA,ReverseLand,816,16380
20xx,x,7/24/2010,x,WA,ReverseLand,815,16360
20xx,x,7/24/2010,x,WA,ReverseLand,814,16340
20xx,x,7/24/2010,x,WA,ReverseLand,813,16320
20xx,x,7/24/2010,x,WA,ReverseLand,812,16300
20xx,x,7/24/2010,x,WA,ReverseLand,811,16280
20xx,x,7/24/2010,x,WA,ReverseLand,810,16260
20xx,x,7/24/2010,x,WA,ReverseLand,809,16240
20xx,x,7/24/2010,x,WA,ReverseLand,808,16220
20xx,x,7/24/2010,x,WA,ReverseLand,807,16200
20xx,x,7/24/2010,x,WA,ReverseLand,806,16180
20xx,x,7/24/2010,x,WA,ReverseLand,805,16160
20xx,x,7/24/2010,x,WA,ReverseLand,804,16140
20xx,x,7/24/2010,x,WA,ReverseLand,803,16120
20xx,x,7/24/2010,x,WA,ReverseLand,802,16100
20xx,x,7/24/2010,x,WA,ReverseLand,801,16080
20xx,x,7/24/2010,x,WA,ReverseLand,800,16060
20xx,x,7/24/2010,x,WA,ReverseLand,799,16040
20xx,x,7/24/2010,x,WA,ReverseLand,798,16020
20xx,x,7/24/2010,x,WA,ReverseLand,797,16000
20xx,x,7/24/2010,x,WA,ReverseLand,796,15980
20xx,x,7/24/2010,x,WA,ReverseLand,795,15960
20xx,x,7/24/2010,x,WA,ReverseLand,794,15940
20xx,x,7/24/2010,x,WA,ReverseLand,793,15920
20xx,x,7/24/2010,x,WA,ReverseLand,792,15900
20xx,x,7/24/2010,x,WA,ReverseLand,791,15880
20xx,x,7/24/2010,x,WA,ReverseLand,790,15860
20xx,x,7/24/2010,x,WA,ReverseLand,789,15840
20xx,x,7/24/2010,x,WA,ReverseLand,788,15820
20xx,x,7/24/2010,x,WA,ReverseLand,787,15800
20xx,x,7/24/2010,x,WA,ReverseLand,786,15780
20xx,x,7/24/2010,x,WA,ReverseLand,785,15760
20xx,x,7/24/2010,x,WA,ReverseLand,784,15740
20xx,x,7/24/2010,x,WA,ReverseLand,783,15720
20xx,x,7/24/2010,x,WA,ReverseLand,782,15700
20xx,x,7/24/2010,x,WA,ReverseLand,781,15680
20xx,x,7/24/2010,x,WA,ReverseLand,780,15660
20xx,x,7/24/2010,x,WA,ReverseLand,779,15640
20xx,x,7/24/2010,x,WA,ReverseLand,778,15620
20xx,x,7/24/2010,x,WA,ReverseLand,777,15600
20xx,x,7/24/2010,x,WA,ReverseLand,776,15580
20xx,x,7/24/2010,x,WA,ReverseLand,775,15560
20xx,x,7/24/2010,x,WA,ReverseLand,774,15540
20xx,x,7/24/2010,x,WA,ReverseLand,773,15520
20xx,x,7/24/2010,x,WA,ReverseLand,772,15500
20xx,x,7/24/2010,x,WA,ReverseLand,771,15480
20xx,x,7/24/2010,x,WA,ReverseLand,770,15460
20xx,x,7/24/2010,x,WA,ReverseLand,769,15440
20xx,x,7/24/2010,x,WA,ReverseLand,768,15420
20xx,x,7/24/2010,x,WA,ReverseLand,767,15400
20xx,x,7/24/2010,x,WA,ReverseLand,766,15380
20xx,x,7/24/2010,x,WA,ReverseLand,765,15360
20xx,x,7/24/2010,x,WA,ReverseLand,764,15340
20xx,x,7/24/2010,x,WA,ReverseLand,763,15320
20xx,x,7/24/2010,x,WA,ReverseLand,762,15300
20xx,x,7/24/2010,x,WA,ReverseLand,761,15280
20xx,x,7/24/2010,x,WA,ReverseLand,760,15260
20xx,x,7/24/2010,x,WA,ReverseLand,759,15240
20xx,x,7/24/2010,x,WA,ReverseLand,758,15220
20xx,x,7/24/2010,x,WA,ReverseLand,757,15200
20xx,x,7/24/2010,x,WA,ReverseLand,756,15180
20xx,x,7/24/2010,x,WA,ReverseLand,755,15160
20xx,x,7/24/2010,x,WA,ReverseLand,754,15140
20xx,x,7/24/2010,x,WA,ReverseLand,753,15120
20xx,x,7/24/2010,x,WA,ReverseLand,752,15100
20xx,x,7/24/2010,x,WA,ReverseLand,751,15080
20xx,x,7/24/2010,x,WA,ReverseLand,750,15060
20xx,x,7/24/2010,x,WA,ReverseLand,749,15040
20xx,x,7/24/2010,x,WA,ReverseLand,748,15020
20xx,x,7/24/2010,x,WA,ReverseLand,747,15000
20xx,x,7/24/2010,x,WA,ReverseLand,746,14980
20xx,x,7/24/2010,x,WA,ReverseLand,745,14960
20xx,x,7/24/2010,x,WA,ReverseLand,744,14940
20xx,x,7/24/2010,x,WA,ReverseLand,743,14920
20xx,x,7/24/2010,x,WA,ReverseLand,742,14900
20xx,x,7/24/2010,x,WA,ReverseLand,741,14880
20xx,x,7/24/2010,x,WA,ReverseLand,740,14860
20xx,x,7/24/2010,x,WA,ReverseLand,739,14840
20xx,x,7/24/2010,x,WA,ReverseLand,738,14820
20xx,x,7/24/2010,x,WA,ReverseLand,737,14800
20xx,x,7/24/2010,x,WA,ReverseLand,736,14780
20xx,x,7/24/2010,x,WA,ReverseLand,735,14760
20xx,x,7/24/2010,x,WA,ReverseLand,734,14740
20xx,x,7/24/2010,x,WA,ReverseLand,733,14720
20xx,x,7/24/2010,x,WA,ReverseLand,732,14700
20xx,x,7/24/2010,x,WA,ReverseLand,731,14680
20xx,x,7/24/2010,x,WA,ReverseLand,730,14660
20xx,x,7/24/2010,x,WA,ReverseLand,729,14640
20xx,x,7/24/2010,x,WA,ReverseLand,728,14620
20xx,x,7/24/2010,x,WA,ReverseLand,727,14600
20xx,x,7/24/2010,x,WA,ReverseLand,726,14580
20xx,x,7/24/2010,x,WA,ReverseLand,725,14560
20xx,x,7/24/2010,x,WA,ReverseLand,724,14540
20xx,x,7/24/2010,x,WA,ReverseLand,723,14520
20xx,x,7/24/2010,x,WA,ReverseLand,722,14500
20xx,x,7/24/2010,x,WA,ReverseLand,721,14480
20xx,x,7/24/2010,x,WA,ReverseLand,720,14460
20xx,x,7/24/2010,x,WA,ReverseLand,719,14440
20xx,x,7/24/2010,x,WA,ReverseLand,718,14420
20xx,x,7/24/2010,x,WA,ReverseLand,717,14400
20xx,x,7/24/2010,x,WA,ReverseLand,716,14380
20xx,x,7/24/2010,x,WA,ReverseLand,715,14360
20xx,x,7/24/2010,x,WA,ReverseLand,714,14340
20xx,x,7/24/2010,x,WA,ReverseLand,713,14320
20xx,x,7/24/2010,x,WA,ReverseLand,712,14300
20xx,x,7/24/2010,x,WA,ReverseLand,711,14280
20xx,x,7/24/2010,x,WA,ReverseLand,710,14260
20xx,x,7/24/2010,x,WA,ReverseLand,709,14240
20xx,x,7/24/2010,x,WA,ReverseLand,708,14220
20xx,x,7/24/2010,x,WA,ReverseLand,707,14200
20xx,x,7/24/2010,x,WA,ReverseLand,706,14180
20xx,x,7/24/2010,x,WA,ReverseLand,705,14160
20xx,x,7/24/2010,x,WA,ReverseLand,704,14140
20xx,x,7/24/2010,x,WA,ReverseLand,703,14120
20xx,x,7/24/2010,x,WA,ReverseLand,702,14100
20xx,x,7/24/2010,x,WA,ReverseLand,701,14080
20xx,x,7/24/2010,x,WA,ReverseLand,700,14060
20xx,x,7/24/2010,x,WA,ReverseLand,699,14040
20xx,x,7/24/2010,x,WA,ReverseLand,698,14020
20xx,x,7/24/2010,x,WA,ReverseLand,697,14000
20xx,x,7/24/2010,x,WA,ReverseLand,696,13980
20xx,x,7/24/2010,x,WA,ReverseLand,695,13960
20xx,x,7/24/2010,x,WA,ReverseLand,694,13940
20xx,x,7/24/2010,x,WA,ReverseLand,693,13920
20xx,x,7/24/2010,x,WA,ReverseLand,692,13900
20xx,x,7/24/2010,x,WA,ReverseLand,691,13880
20xx,x,7/24/2010,x,WA,ReverseLand,690,13860
20xx,x,7/24/2010,x,WA,ReverseLand,689,13840
20xx,x,7/24/2010,x,WA,ReverseLand,688,13820
20xx,x,7/24/2010,x,WA,ReverseLand,687,13800
20xx,x,7/24/2010,x,WA,ReverseLand,686,13780
20xx,x,7/24/2010,x,WA,ReverseLand,685,13760
20xx,x,7/24/2010,x,WA,ReverseLand,684,13740
20xx,x,7/24/2010,x,WA,ReverseLand,683,13720
20xx,x,7/24/2010,x,WA,ReverseLand,682,13700
20xx,x,7/24/2010,x,WA,ReverseLand,681,13680
20xx,x,7/24/2010,x,WA,ReverseLand,680,13660
20xx,x,7/24/2010,x,WA,ReverseLand,679,13640
20xx,x,7/24/2010,x,WA,ReverseLand,678,13620
20xx,x,7/24/2010,x,WA,ReverseLand,677,13600
20xx,x,7/24/2010,x,WA,ReverseLand,676,13580
20xx,x,7/24/2010,x,WA,ReverseLand,675,13560
20xx,x,7/24/2010,x,WA,ReverseLand,674,13540
20xx,x,7/24/2010,x,WA,ReverseLand,673,13520
20xx,x,7/24/2010,x,WA,ReverseLand,672,13500
20xx,x,7/24/2010,x,WA,ReverseLand,671,13480
20xx,x,7/24/2010,x,WA,ReverseLand,670,13460
20xx,x,7/24/2010,x,WA,ReverseLand,669,13440
20xx,x,7/24/2010,x,WA,ReverseLand,668,13420
20xx,x,7/24/2010,x,WA,ReverseLand,667,13400
20xx,x,7/24/2010,x,WA,ReverseLand,666,13380
20xx,x,7/24/2010,x,WA,ReverseLand,665,13360
20xx,x,7/24/2010,x,WA,ReverseLand,664,13340
20xx,x,7/24/2010,x,WA,ReverseLand,663,13320
20xx,x,7/24/2010,x,WA,ReverseLand,662,13300
20xx,x,7/24/2010,x,WA,ReverseLand,661,13280
20xx,x,7/24/2010,x,WA,ReverseLand,660,13260
20xx,x,7/24/2010,x,WA,ReverseLand,659,13240
20xx,x,7/24/2010,x,WA,ReverseLand,658,13220
20xx,x,7/24/2010,x,WA,ReverseLand,657,13200
20xx,x,7/24/2010,x,WA,ReverseLand,656,13180
20xx,x,7/24/2010,x,WA,ReverseLand,655,13160
20xx,x,7/24/2010,x,WA,ReverseLand,654,13140
20xx,x,7/24/2010,x,WA,ReverseLand,653,13120
20xx,x,7/24/2010,x,WA,ReverseLand,652,13100
20xx,x,7/24/2010,x,WA,ReverseLand,651,13080
20xx,x,7/24/2010,x,WA,ReverseLand,650,13060
20xx,x,7/24/2010,x,WA,ReverseLand,649,13040
20xx,x,7/24/2010,x,WA,ReverseLand,648,13020
20xx,x,7/24/2010,x,WA,ReverseLand,647,13000
20xx,x,7/24/2010,x,WA,ReverseLand,646,12980
20xx,x,7/24/2010,x,WA,ReverseLand,645,12960
20xx,x,7/24/2010,x,WA,ReverseLand,644,12940
20xx,x,7/24/2010,x,WA,ReverseLand,643,12920
20xx,x,7/24/2010,x,WA,ReverseLand,642,12900
20xx,x,7/24/2010,x,WA,ReverseLand,641,12880
20xx,x,7/24/2010,x,WA,ReverseLand,640,12860
20xx,x,7/24/2010,x,WA,ReverseLand,639,12840
20xx,x,7/24/2010,x,WA,ReverseLand,638,12820
20xx,x,7/24/2010,x,WA,ReverseLand,637,12800
20xx,x,7/24/2010,x,WA,ReverseLand,636,12780
20xx,x,7/24/2010,x,WA,ReverseLand,635,12760
20xx,x,7/24/2010,x,WA,ReverseLand,634,12740
20xx,x,7/24/2010,x,WA,ReverseLand,633,12720
20xx,x,7/24/2010,x,WA,ReverseLand,632,12700
20xx,x,7/24/2010,x,WA,ReverseLand,631,12680
20xx,x,7/24/2010,x,WA,ReverseLand,630,12660
20xx,x,7/24/2010,x,WA,ReverseLand,629,12640
20xx,x,7/24/2010,x,WA,ReverseLand,628,12620
20xx,x,7/24/2010,x,WA,ReverseLand,627,12600
20xx,x,7/24/2010,x,WA,ReverseLand,626,12580
20xx,x,7/24/2010,x,WA,ReverseLand,625,12560
20xx,x,7/24/2010,x,WA,ReverseLand,624,12540
20xx,x,7/24/2010,x,WA,ReverseLand,623,12520
20xx,x,7/24/2010,x,WA,ReverseLand,622,12500
20xx,x,7/24/2010,x,WA,ReverseLand,621,12480
20xx,x,7/24/2010,x,WA,ReverseLand,620,12460
20xx,x,7/24/2010,x,WA,ReverseLand,619,12440
20xx,x,7/24/2010,x,WA,ReverseLand,618,12420
20xx,x,7/24/2010,x,WA,ReverseLand,617,12400
20xx,x,7/24/2010,x,WA,ReverseLand,616,12380
20xx,x,7/24/2010,x,WA,ReverseLand,615,12360
20xx,x,7/24/2010,x,WA,ReverseLand,614,12340
20xx,x,7/24/2010,x,WA,ReverseLand,613,12320
20xx,x,7/24/2010,x,WA,ReverseLand,612,12300
20xx,x,7/24/2010,x,WA,ReverseLand,611,12280
20xx,x,7/24/2010,x,WA,ReverseLand,610,12260
20xx,x,7/24/2010,x,WA,ReverseLand,609,12240
20xx,x,7/24/2010,x,WA,ReverseLand,608,12220
20xx,x,7/24/2010,x,WA,ReverseLand,607,12200
20xx,x,7/24/2010,x,WA,ReverseLand,606,12180
20xx,x,7/24/2010,x,WA,ReverseLand,605,12160
20xx,x,7/24/2010,x,WA,ReverseLand,604,12140
20xx,x,7/24/2010,x,WA,ReverseLand,603,12120
20xx,x,7/24/2010,x,WA,ReverseLand,602,12100
20xx,x,7/24/2010,x,WA,ReverseLand,601,12080
20xx,x,7/24/2010,x,WA,ReverseLand,600,12060
20xx,x,7/24/2010,x,WA,ReverseLand,599,12040
20xx,x,7/24/2010,x,WA,ReverseLand,598,12020
20xx,x,7/24/2010,x,WA,ReverseLand,597,12000
20xx,x,7/24/2010,x,WA,ReverseLand,596,11980
20xx,x,7/24/2010,x,WA,ReverseLand,595,11960
20xx,x,7/24/2010,x,WA,ReverseLand,594,11940
20xx,x,7/24/2010,x,WA,ReverseLand,593,11920
20xx,x,7/24/2010,x,WA,ReverseLand,592,11900
20xx,x,7/24/2010,x,WA,ReverseLand,591,11880
20xx,x,7/24/2010,x,WA,ReverseLand,590,11860
20xx,x,7/24/2010,x,WA,ReverseLand,589,11840
20xx,x,7/24/2010,x,WA,ReverseLand,588,11820
20xx,x,7/24/2010,x,WA,ReverseLand,587,11800
20xx,x,7/24/2010,x,WA,ReverseLand,586,11780
20xx,x,7/24/2010,x,WA,ReverseLand,585,11760
20xx,x,7/24/2010,x,WA,ReverseLand,584,11740
20xx,x,7/24/2010,x,WA,ReverseLand,583,11720
20xx,x,7/24/2010,x,WA,ReverseLand,582,11700
20xx,x,7/24/2010,x,WA,ReverseLand,581,11680
20xx,x,7/24/2010,x,WA,ReverseLand,580,11660
20xx,x,7/24/2010,x,WA,ReverseLand,579,11640
20xx,x,7/24/2010,x,WA,ReverseLand,578,11620
20xx,x,7/24/2010,x,WA,ReverseLand,577,11600
20xx,x,7/24/2010,x,WA,ReverseLand,576,11580
20xx,x,7/24/2010,x,WA,ReverseLand,575,11560
20xx,x,7/24/2010,x,WA,ReverseLand,574,11540
20xx,x,7/24/2010,x,WA,ReverseLand,573,11520
20xx,x,7/24/2010,x,WA,ReverseLand,572,11500
20xx,x,7/24/2010,x,WA,ReverseLand,571,11480
20xx,x,7/24/2010,x,WA,ReverseLand,570,11460
20xx,x,7/24/2010,x,WA,ReverseLand,569,11440
20xx,x,7/24/2010,x,WA,ReverseLand,568,11420
20xx,x,7/24/2010,x,WA,ReverseLand,567,11400
20xx,x,7/24/2010,x,WA,ReverseLand,566,11380
20xx,x,7/24/2010,x,WA,ReverseLand,565,11360
20xx,x,7/24/2010,x,WA,ReverseLand,564,11340
20xx,x,7/24/2010,x,WA,ReverseLand,563,11320
20xx,x,7/24/2010,x,WA,ReverseLand,562,11300
20xx,x,7/24/2010,x,WA,ReverseLand,561,11280
20xx,x,7/24/2010,x,WA,ReverseLand,560,11260
20xx,x,7/24/2010,x,WA,ReverseLand,559,11240
20xx,x,7/24/2010,x,WA,ReverseLand,558,11220
20xx,x,7/24/2010,x,WA,ReverseLand,557,11200
20xx,x,7/24/2010,x,WA,ReverseLand,556,11180
20xx,x,7/24/2010,x,WA,ReverseLand,555,11160
20xx,x,7/24/2010,x,WA,ReverseLand,554,11140
20xx,x,7/24/2010,x,WA,ReverseLand,553,11120
20xx,x,7/24/2010,x,WA,ReverseLand,552,11100
20xx,x,7/24/2010,x,WA,ReverseLand,551,11080
20xx,x,7/24/2010,x,WA,ReverseLand,550,11060
20xx,x,7/24/2010,x,WA,ReverseLand,549,11040
20xx,x,7/24/2010,x,WA,ReverseLand,548,11020
20xx,x,7/24/2010,x,WA,ReverseLand,547,11000
20xx,x,7/24/2010,x,WA,ReverseLand,546,10980
20xx,x,7/24/2010,x,WA,ReverseLand,545,10960
20xx,x,7/24/2010,x,WA,ReverseLand,544,10940
20xx,x,7/24/2010,x,WA,ReverseLand,543,10920
20xx,x,7/24/2010,x,WA,ReverseLand,542,10900
20xx,x,7/24/2010,x,WA,ReverseLand,541,10880
20xx,x,7/24/2010,x,WA,ReverseLand,540,10860
20xx,x,7/24/2010,x,WA,ReverseLand,539,10840
20xx,x,7/24/2010,x,WA,ReverseLand,538,10820
20xx,x,7/24/2010,x,WA,ReverseLand,537,10800
20xx,x,7/24/2010,x,WA,ReverseLand,536,10780
20xx,x,7/24/2010,x,WA,ReverseLand,535,10760
20xx,x,7/24/2010,x,WA,ReverseLand,534,10740
20xx,x,7/24/2010,x,WA,ReverseLand,533,10720
20xx,x,7/24/2010,x,WA,ReverseLand,532,10700
20xx,x,7/24/2010,x,WA,ReverseLand,531,10680
20xx,x,7/24/2010,x,WA,ReverseLand,530,10660
20xx,x,7/24/2010,x,WA,ReverseLand,529,10640
20xx,x,7/24/2010,x,WA,ReverseLand,528,10620
20xx,x,7/24/2010,x,WA,ReverseLand,527,10600
20xx,x,7/24/2010,x,WA,ReverseLand,526,10580
20xx,x,7/24/2010,x,WA,ReverseLand,525,10560
20xx,x,7/24/2010,x,WA,ReverseLand,524,10540
20xx,x,7/24/2010,x,WA,ReverseLand,523,10520
20xx,x,7/24/2010,x,WA,ReverseLand,522,10500
20xx,x,7/24/2010,x,WA,ReverseLand,521,10480
20xx,x,7/24/2010,x,WA,ReverseLand,520,10460
20xx,x,7/24/2010,x,WA,ReverseLand,519,10440
20xx,x,7/24/2010,x,WA,ReverseLand,518,10420
20xx,x,7/24/2010,x,WA,ReverseLand,517,10400
20xx,x,7/24/2010,x,WA,ReverseLand,516,10380
20xx,x,7/24/2010,x,WA,ReverseLand,515,10360
20xx,x,7/24/2010,x,WA,ReverseLand,514,10340
20xx,x,7/24/2010,x,WA,ReverseLand,513,10320
20xx,x,7/24/2010,x,WA,ReverseLand,512,10300
20xx,x,7/24/2010,x,WA,ReverseLand,511,10280
20xx,x,7/24/2010,x,WA,ReverseLand,510,10260
20xx,x,7/24/2010,x,WA,ReverseLand,509,10240
20xx,x,7/24/2010,x,WA,ReverseLand,508,10220
20xx,x,7/24/2010,x,WA,ReverseLand,507,10200
20xx,x,7/24/2010,x,WA,ReverseLand,506,10180
20xx,x,7/24/2010,x,WA,ReverseLand,505,10160
20xx,x,7/24/2010,x,WA,ReverseLand,504,10140
20xx,x,7/24/2010,x,WA,ReverseLand,503,10120
20xx,x,7/24/2010,x,WA,ReverseLand,502,10100
20xx,x,7/24/2010,x,WA,ReverseLand,501,10080
20xx,x,7/24/2010,x,WA,ReverseLand,500,10060
20xx,x,7/24/2010,x,WA,ReverseLand,499,10040
20xx,x,7/24/2010,x,WA,ReverseLand,498,10020
20xx,x,7/24/2010,x,WA,ReverseLand,497,10000
20xx,x,7/24/2010,x,WA,ReverseLand,496,9980
20xx,x,7/24/2010,x,WA,ReverseLand,495,9960
20xx,x,7/24/2010,x,WA,ReverseLand,494,9940
20xx,x,7/24/2010,x,WA,ReverseLand,493,9920
20xx,x,7/24/2010,x,WA,ReverseLand,492,9900
20xx,x,7/24/2010,x,WA,ReverseLand,491,9880
20xx,x,7/24/2010,x,WA,ReverseLand,490,9860
20xx,x,7/24/2010,x,WA,ReverseLand,489,9840
20xx,x,7/24/2010,x,WA,ReverseLand,488,9820
20xx,x,7/24/2010,x,WA,ReverseLand,487,9800
20xx,x,7/24/2010,x,WA,ReverseLand,486,9780
20xx,x,7/24/2010,x,WA,ReverseLand,485,9760
20xx,x,7/24/2010,x,WA,ReverseLand,484,9740
20xx,x,7/24/2010,x,WA,ReverseLand,483,9720
20xx,x,7/24/2010,x,WA,ReverseLand,482,9700
20xx,x,7/24/2010,x,WA,ReverseLand,481,9680
20xx,x,7/24/2010,x,WA,ReverseLand,480,9660
20xx,x,7/24/2010,x,WA,ReverseLand,479,9640
20xx,x,7/24/2010,x,WA,ReverseLand,478,9620
20xx,x,7/24/2010,x,WA,ReverseLand,477,9600
20xx,x,7/24/2010,x,WA,ReverseLand,476,9580
20xx,x,7/24/2010,x,WA,ReverseLand,475,9560
20xx,x,7/24/2010,x,WA,ReverseLand,474,9540
20xx,x,7/24/2010,x,WA,ReverseLand,473,9520
20xx,x,7/24/2010,x,WA,ReverseLand,472,9500
20xx,x,7/24/2010,x,WA,ReverseLand,471,9480
20xx,x,7/24/2010,x,WA,ReverseLand,470,9460
20xx,x,7/24/2010,x,WA,ReverseLand,469,9440
20xx,x,7/24/2010,x,WA,ReverseLand,468,9420
20xx,x,7/24/2010,x,WA,ReverseLand,467,9400
20xx,x,7/24/2010,x,WA,ReverseLand,466,9380
20xx,x,7/24/2010,x,WA,ReverseLand,465,9360
20xx,x,7/24/2010,x,WA,ReverseLand,464,9340
20xx,x,7/24/2010,x,WA,ReverseLand,463,9320
20xx,x,7/24/2010,x,WA,ReverseLand,462,9300
20xx,x,7/24/2010,x,WA,ReverseLand,461,9280
20xx,x,7/24/2010,x,WA,ReverseLand,460,9260
20xx,x,7/24/2010,x,WA,ReverseLand,459,9240
20xx,x,7/24/2010,x,WA,ReverseLand,458,9220
20xx,x,7/24/2010,x,WA,ReverseLand,457,9200
20xx,x,7/24/2010,x,WA,ReverseLand,456,9180
20xx,x,7/24/2010,x,WA,ReverseLand,455,9160
20xx,x,7/24/2010,x,WA,ReverseLand,454,9140
20xx,x,7/24/2010,x,WA,ReverseLand,453,9120
20xx,x,7/24/2010,x,WA,ReverseLand,452,9100
20xx,x,7/24/2010,x,WA,ReverseLand,451,9080
20xx,x,7/24/2010,x,WA,ReverseLand,450,9060
20xx,x,7/24/2010,x,WA,ReverseLand,449,9040
20xx,x,7/24/2010,x,WA,ReverseLand,448,9020
20xx,x,7/24/2010,x,WA,ReverseLand,447,9000
20xx,x,7/24/2010,x,WA,ReverseLand,446,8980
20xx,x,7/24/2010,x,WA,ReverseLand,445,8960
20xx,x,7/24/2010,x,WA,ReverseLand,444,8940
20xx,x,7/24/2010,x,WA,ReverseLand,443,8920
20xx,x,7/24/2010,x,WA,ReverseLand,442,8900
20xx,x,7/24/2010,x,WA,ReverseLand,441,8880
20xx,x,7/24/2010,x,WA,ReverseLand,440,8860
20xx,x,7/24/2010,x,WA,ReverseLand,439,8840
20xx,x,7/24/2010,x,WA,ReverseLand,438,8820
20xx,x,7/24/2010,x,WA,ReverseLand,437,8800
20xx,x,7/24/2010,x,WA,ReverseLand,436,8780
20xx,x,7/24/2010,x,WA,ReverseLand,435,8760
20xx,x,7/24/2010,x,WA,ReverseLand,434,8740
20xx,x,7/24/2010,x,WA,ReverseLand,433,8720
20xx,x,7/24/2010,x,WA,ReverseLand,432,8700
20xx,x,7/24/2010,x,WA,ReverseLand,431,8680
20xx,x,7/24/2010,x,WA,ReverseLand,430,8660
20xx,x,7/24/2010,x,WA,ReverseLand,429,8640
20xx,x,7/24/2010,x,WA,ReverseLand,428,8620
20xx,x,7/24/2010,x,WA,ReverseLand,427,8600
20xx,x,7/24/2010,x,WA,ReverseLand,426,8580
20xx,x,7/24/2010,x,WA,ReverseLand,425,8560
20xx,x,7/24/2010,x,WA,ReverseLand,424,8540
20xx,x,7/24/2010,x,WA,ReverseLand,423,8520
20xx,x,7/24/2010,x,WA,ReverseLand,422,8500
20xx,x,7/24/2010,x,WA,ReverseLand,421,8480
20xx,x,7/24/2010,x,WA,ReverseLand,420,8460
20xx,x,7/24/2010,x,WA,ReverseLand,419,8440
20xx,x,7/24/2010,x,WA,ReverseLand,418,8420
20xx,x,7/24/2010,x,WA,ReverseLand,417,8400
20xx,x,7/24/2010,x,WA,ReverseLand,416,8380
20xx,x,7/24/2010,x,WA,ReverseLand,415,8360
20xx,x,7/24/2010,x,WA,ReverseLand,414,8340
20xx,x,7/24/2010,x,WA,ReverseLand,413,8320
20xx,x,7/24/2010,x,WA,ReverseLand,412,8300
20xx,x,7/24/2010,x,WA,ReverseLand,411,8280
20xx,x,7/24/2010,x,WA,ReverseLand,410,8260
20xx,x,7/24/2010,x,WA,ReverseLand,409,8240
20xx,x,7/24/2010,x,WA,ReverseLand,408,8220
20xx,x,7/24/2010,x,WA,ReverseLand,407,8200
20xx,x,7/24/2010,x,WA,ReverseLand,406,8180
20xx,x,7/24/2010,x,WA,ReverseLand,405,8160
20xx,x,7/24/2010,x,WA,ReverseLand,404,8140
20xx,x,7/24/2010,x,WA,ReverseLand,403,8120
20xx,x,7/24/2010,x,WA,ReverseLand,402,8100
20xx,x,7/24/2010,x,WA,ReverseLand,401,8080
20xx,x,7/24/2010,x,WA,ReverseLand,400,8060
20xx,x,7/24/2010,x,WA,ReverseLand,399,8040
20xx,x,7/24/2010,x,WA,ReverseLand,398,8020
20xx,x,7/24/2010,x,WA,ReverseLand,397,8000
20xx,x,7/24/2010,x,WA,ReverseLand,396,7980
20xx,x,7/24/2010,x,WA,ReverseLand,395,7960
20xx,x,7/24/2010,x,WA,ReverseLand,394,7940
20xx,x,7/24/2010,x,WA,ReverseLand,393,7920
20xx,x,7/24/2010,x,WA,ReverseLand,392,7900
20xx,x,7/24/2010,x,WA,ReverseLand,391,7880
20xx,x,7/24/2010,x,WA,ReverseLand,390,7860
20xx,x,7/24/2010,x,WA,ReverseLand,389,7840
20xx,x,7/24/2010,x,WA,ReverseLand,388,7820
20xx,x,7/24/2010,x,WA,ReverseLand,387,7800
20xx,x,7/24/2010,x,WA,ReverseLand,386,7780
20xx,x,7/24/2010,x,WA,ReverseLand,385,7760
20xx,x,7/24/2010,x,WA,ReverseLand,384,7740
20xx,x,7/24/2010,x,WA,ReverseLand,383,7720
20xx,x,7/24/2010,x,WA,ReverseLand,382,7700
20xx,x,7/24/2010,x,WA,ReverseLand,381,7680
20xx,x,7/24/2010,x,WA,ReverseLand,380,7660
20xx,x,7/24/2010,x,WA,ReverseLand,379,7640
20xx,x,7/24/2010,x,WA,ReverseLand,378,7620
20xx,x,7/24/2010,x,WA,ReverseLand,377,7600
20xx,x,7/24/2010,x,WA,ReverseLand,376,7580
20xx,x,7/24/2010,x,WA,ReverseLand,375,7560
20xx,x,7/24/2010,x,WA,ReverseLand,374,7540
20xx,x,7/24/2010,x,WA,ReverseLand,373,7520
20xx,x,7/24/2010,x,WA,ReverseLand,372,7500
20xx,x,7/24/2010,x,WA,ReverseLand,371,7480
20xx,x,7/24/2010,x,WA,ReverseLand,370,7460
20xx,x,7/24/2010,x,WA,ReverseLand,369,7440
20xx,x,7/24/2010,x,WA,ReverseLand,368,7420
20xx,x,7/24/2010,x,WA,ReverseLand,367,7400
20xx,x,7/24/2010,x,WA,ReverseLand,366,7380
20xx,x,7/24/2010,x,WA,ReverseLand,365,7360
20xx,x,7/24/2010,x,WA,ReverseLand,364,7340
20xx,x,7/24/2010,x,WA,ReverseLand,363,7320
20xx,x,7/24/2010,x,WA,ReverseLand,362,7300
20xx,x,7/24/2010,x,WA,ReverseLand,361,7280
20xx,x,7/24/2010,x,WA,ReverseLand,360,7260
20xx,x,7/24/2010,x,WA,ReverseLand,359,7240
20xx,x,7/24/2010,x,WA,ReverseLand,358,7220
20xx,x,7/24/2010,x,WA,ReverseLand,357,7200
20xx,x,7/24/2010,x,WA,ReverseLand,356,7180
20xx,x,7/24/2010,x,WA,ReverseLand,355,7160
20xx,x,7/24/2010,x,WA,ReverseLand,354,7140
20xx,x,7/24/2010,x,WA,ReverseLand,353,7120
20xx,x,7/24/2010,x,WA,ReverseLand,352,7100
20xx,x,7/24/2010,x,WA,ReverseLand,351,7080
20xx,x,7/24/2010,x,WA,ReverseLand,350,7060
20xx,x,7/24/2010,x,WA,ReverseLand,349,7040
20xx,x,7/24/2010,x,WA,ReverseLand,348,7020
20xx,x,7/24/2010,x,WA,ReverseLand,347,7000
20xx,x,7/24/2010,x,WA,ReverseLand,346,6980
20xx,x,7/24/2010,x,WA,ReverseLand,345,6960
20xx,x,7/24/2010,x,WA,ReverseLand,344,6940
20xx,x,7/24/2010,x,WA,ReverseLand,343,6920
20xx,x,7/24/2010,x,WA,ReverseLand,342,6900
20xx,x,7/24/2010,x,WA,ReverseLand,341,6880
20xx,x,7/24/2010,x,WA,ReverseLand,340,6860
20xx,x,7/24/2010,x,WA,ReverseLand,339,6840
20xx,x,7/24/2010,x,WA,ReverseLand,338,6820
20xx,x,7/24/2010,x,WA,ReverseLand,337,6800
20xx,x,7/24/2010,x,WA,ReverseLand,336,6780
20xx,x,7/24/2010,x,WA,ReverseLand,335,6760
20xx,x,7/24/2010,x,WA,ReverseLand,334,6740
20xx,x,7/24/2010,x,WA,ReverseLand,333,6720
20xx,x,7/24/2010,x,WA,ReverseLand,332,6700
20xx,x,7/24/2010,x,WA,ReverseLand,331,6680
20xx,x,7/24/2010,x,WA,ReverseLand,330,6660
20xx,x,7/24/2010,x,WA,ReverseLand,329,6640
20xx,x,7/24/2010,x,WA,ReverseLand,328,6620
20xx,x,7/24/2010,x,WA,ReverseLand,327,6600
20xx,x,7/24/2010,x,WA,ReverseLand,326,6580
20xx,x,7/24/2010,x,WA,ReverseLand,325,6560
20xx,x,7/24/2010,x,WA,ReverseLand,324,6540
20xx,x,7/24/2010,x,WA,ReverseLand,323,6520
20xx,x,7/24/2010,x,WA,ReverseLand,322,6500
20xx,x,7/24/2010,x,WA,ReverseLand,321,6480
20xx,x,7/24/2010,x,WA,ReverseLand,320,6460
20xx,x,7/24/2010,x,WA,ReverseLand,319,6440
20xx,x,7/24/2010,x,WA,ReverseLand,318,6420
20xx,x,7/24/2010,x,WA,ReverseLand,317,6400
20xx,x,7/24/2010,x,WA,ReverseLand,316,6380
20xx,x,7/24/2010,x,WA,ReverseLand,315,6360
20xx,x,7/24/2010,x,WA,ReverseLand,314,6340
20xx,x,7/24/2010,x,WA,ReverseLand,313,6320
20xx,x,7/24/2010,x,WA,ReverseLand,312,6300
20xx,x,7/24/2010,x,WA,ReverseLand,311,6280
20xx,x,7/24/2010,x,WA,ReverseLand,310,6260
20xx,x,7/24/2010,x,WA,ReverseLand,309,6240
20xx,x,7/24/2010,x,WA,ReverseLand,308,6220
20xx,x,7/24/2010,x,WA,ReverseLand,307,6200
20xx,x,7/24/2010,x,WA,ReverseLand,306,6180
20xx,x,7/24/2010,x,WA,ReverseLand,305,6160
20xx,x,7/24/2010,x,WA,ReverseLand,304,6140
20xx,x,7/24/2010,x,WA,ReverseLand,303,6120
20xx,x,7/24/2010,x,WA,ReverseLand,302,6100
20xx,x,7/24/2010,x,WA,ReverseLand,301,6080
20xx,x,7/24/2010,x,WA,ReverseLand,300,6060
20xx,x,7/24/2010,x,WA,ReverseLand,299,6040
20xx,x,7/24/2010,x,WA,ReverseLand,298,6020
20xx,x,7/24/2010,x,WA,ReverseLand,297,6000
20xx,x,7/24/2010,x,WA,ReverseLand,296,5980
20xx,x,7/24/2010,x,WA,ReverseLand,295,5960
20xx,x,7/24/2010,x,WA,ReverseLand,294,5940
20xx,x,7/24/2010,x,WA,ReverseLand,293,5920
20xx,x,7/24/2010,x,WA,ReverseLand,292,5900
20xx,x,7/24/2010,x,WA,ReverseLand,291,5880
20xx,x,7/24/2010,x,WA,ReverseLand,290,5860
20xx,x,7/24/2010,x,WA,ReverseLand,289,5840
20xx,x,7/24/2010,x,WA,ReverseLand,288,5820
20xx,x,7/24/2010,x,WA,ReverseLand,287,5800
20xx,x,7/24/2010,x,WA,ReverseLand,286,5780
20xx,x,7/24/2010,x,WA,ReverseLand,285,5760
20xx,x,7/24/2010,x,WA,ReverseLand,284,5740
20xx,x,7/24/2010,x,WA,ReverseLand,283,5720
20xx,x,7/24/2010,x,WA,ReverseLand,282,5700
20xx,x,7/24/2010,x,WA,ReverseLand,281,5680
20xx,x,7/24/2010,x,WA,ReverseLand,280,5660
20xx,x,7/24/2010,x,WA,ReverseLand,279,5640
20xx,x,7/24/2010,x,WA,ReverseLand,278,5620
20xx,x,7/24/2010,x,WA,ReverseLand,277,5600
20xx,x,7/24/2010,x,WA,ReverseLand,276,5580
20xx,x,7/24/2010,x,WA,ReverseLand,275,5560
20xx,x,7/24/2010,x,WA,ReverseLand,274,5540
20xx,x,7/24/2010,x,WA,ReverseLand,273,5520
20xx,x,7/24/2010,x,WA,ReverseLand,272,5500
20xx,x,7/24/2010,x,WA,ReverseLand,271,5480
20xx,x,7/24/2010,x,WA,ReverseLand,270,5460
20xx,x,7/24/2010,x,WA,ReverseLand,269,5440
20xx,x,7/24/2010,x,WA,ReverseLand,268,5420
20xx,x,7/24/2010,x,WA,ReverseLand,267,5400
20xx,x,7/24/2010,x,WA,ReverseLand,266,5380
20xx,x,7/24/2010,x,WA,ReverseLand,265,5360
20xx,x,7/24/2010,x,WA,ReverseLand,264,5340
20xx,x,7/24/2010,x,WA,ReverseLand,263,5320
20xx,x,7/24/2010,x,WA,ReverseLand,262,5300
20xx,x,7/24/2010,x,WA,ReverseLand,261,5280
20xx,x,7/24/2010,x,WA,ReverseLand,260,5260
20xx,x,7/24/2010,x,WA,ReverseLand,259,5240
20xx,x,7/24/2010,x,WA,ReverseLand,258,5220
20xx,x,7/24/2010,x,WA,ReverseLand,257,5200
20xx,x,7/24/2010,x,WA,ReverseLand,256,5180
20xx,x,7/24/2010,x,WA,ReverseLand,255,5160
20xx,x,7/24/2010,x,WA,ReverseLand,254,5140
20xx,x,7/24/2010,x,WA,ReverseLand,253,5120
20xx,x,7/24/2010,x,WA,ReverseLand,252,5100
20xx,x,7/24/2010,x,WA,ReverseLand,251,5080
20xx,x,7/24/2010,x,WA,ReverseLand,250,5060
20xx,x,7/24/2010,x,WA,ReverseLand,249,5040
20xx,x,7/24/2010,x,WA,ReverseLand,248,5020
20xx,x,7/24/2010,x,WA,ReverseLand,247,5000
20xx,x,7/24/2010,x,WA,ReverseLand,246,4980
20xx,x,7/24/2010,x,WA,ReverseLand,245,4960
20xx,x,7/24/2010,x,WA,ReverseLand,244,4940
20xx,x,7/24/2010,x,WA,ReverseLand,243,4920
20xx,x,7/24/2010,x,WA,ReverseLand,242,4900
20xx,x,7/24/2010,x,WA,ReverseLand,241,4880
20xx,x,7/24/2010,x,WA,ReverseLand,240,4860
20xx,x,7/24/2010,x,WA,ReverseLand,239,4840
20xx,x,7/24/2010,x,WA,ReverseLand,238,4820
20xx,x,7/24/2010,x,WA,ReverseLand,237,4800
20xx,x,7/24/2010,x,WA,ReverseLand,236,4780
20xx,x,7/24/2010,x,WA,ReverseLand,235,4760
20xx,x,7/24/2010,x,WA,ReverseLand,234,4740
20xx,x,7/24/2010,x,WA,ReverseLand,233,4720
20xx,x,7/24/2010,x,WA,ReverseLand,232,4700
20xx,x,7/24/2010,x,WA,ReverseLand,231,4680
20xx,x,7/24/2010,x,WA,ReverseLand,230,4660
20xx,x,7/24/2010,x,WA,ReverseLand,229,4640
20xx,x,7/24/2010,x,WA,ReverseLand,228,4620
20xx,x,7/24/2010,x,WA,ReverseLand,227,4600
20xx,x,7/24/2010,x,WA,ReverseLand,226,4580
20xx,x,7/24/2010,x,WA,ReverseLand,225,4560
20xx,x,7/24/2010,x,WA,ReverseLand,224,4540
20xx,x,7/24/2010,x,WA,ReverseLand,223,4520
20xx,x,7/24/2010,x,WA,ReverseLand,222,4500
20xx,x,7/24/2010,x,WA,ReverseLand,221,4480
20xx,x,7/24/2010,x,WA,ReverseLand,220,4460
20xx,x,7/24/2010,x,WA,ReverseLand,219,4440
20xx,x,7/24/2010,x,WA,ReverseLand,218,4420
20xx,x,7/24/2010,x,WA,ReverseLand,217,4400
20xx,x,7/24/2010,x,WA,ReverseLand,216,4380
20xx,x,7/24/2010,x,WA,ReverseLand,215,4360
20xx,x,7/24/2010,x,WA,ReverseLand,214,4340
20xx,x,7/24/2010,x,WA,ReverseLand,213,4320
20xx,x,7/24/2010,x,WA,ReverseLand,212,4300
20xx,x,7/24/2010,x,WA,ReverseLand,211,4280
20xx,x,7/24/2010,x,WA,ReverseLand,210,4260
20xx,x,7/24/2010,x,WA,ReverseLand,209,4240
20xx,x,7/24/2010,x,WA,ReverseLand,208,4220
20xx,x,7/24/2010,x,WA,ReverseLand,207,4200
20xx,x,7/24/2010,x,WA,ReverseLand,206,4180
20xx,x,7/24/2010,x,WA,ReverseLand,205,4160
20xx,x,7/24/2010,x,WA,ReverseLand,204,4140
20xx,x,7/24/2010,x,WA,ReverseLand,203,4120
20xx,x,7/24/2010,x,WA,ReverseLand,202,4100
20xx,x,7/24/2010,x,WA,ReverseLand,201,4080
20xx,x,7/24/2010,x,WA,ReverseLand,200,4060
20xx,x,7/24/2010,x,WA,ReverseLand,199,4040
20xx,x,7/24/2010,x,WA,ReverseLand,198,4020
20xx,x,7/24/2010,x,WA,ReverseLand,197,4000
20xx,x,7/24/2010,x,WA,ReverseLand,196,3980
20xx,x,7/24/2010,x,WA,ReverseLand,195,3960
20xx,x,7/24/2010,x,WA,ReverseLand,194,3940
20xx,x,7/24/2010,x,WA,ReverseLand,193,3920
20xx,x,7/24/2010,x,WA,ReverseLand,192,3900
20xx,x,7/24/2010,x,WA,ReverseLand,191,3880
20xx,x,7/24/2010,x,WA,ReverseLand,190,3860
20xx,x,7/24/2010,x,WA,ReverseLand,189,3840
20xx,x,7/24/2010,x,WA,ReverseLand,188,3820
20xx,x,7/24/2010,x,WA,ReverseLand,187,3800
20xx,x,7/24/2010,x,WA,ReverseLand,186,3780
20xx,x,7/24/2010,x,WA,ReverseLand,185,3760
20xx,x,7/24/2010,x,WA,ReverseLand,184,3740
20xx,x,7/24/2010,x,WA,ReverseLand,183,3720
20xx,x,7/24/2010,x,WA,ReverseLand,182,3700
20xx,x,7/24/2010,x,WA,ReverseLand,181,3680
20xx,x,7/24/2010,x,WA,ReverseLand,180,3660
20xx,x,7/24/2010,x,WA,ReverseLand,179,3640
20xx,x,7/24/2010,x,WA,ReverseLand,178,3620
20xx,x,7/24/2010,x,WA,ReverseLand,177,3600
20xx,x,7/24/2010,x,WA,ReverseLand,176,3580
20xx,x,7/24/2010,x,WA,ReverseLand,175,3560
20xx,x,7/24/2010,x,WA,ReverseLand,174,3540
20xx,x,7/24/2010,x,WA,ReverseLand,173,3520
20xx,x,7/24/2010,x,WA,ReverseLand,172,3500
20xx,x,7/24/2010,x,WA,ReverseLand,171,3480
20xx,x,7/24/2010,x,WA,ReverseLand,170,3460
20xx,x,7/24/2010,x,WA,ReverseLand,169,3440
20xx,x,7/24/2010,x,WA,ReverseLand,168,3420
20xx,x,7/24/2010,x,WA,ReverseLand,167,3400
20xx,x,7/24/2010,x,WA,ReverseLand,166,3380
20xx,x,7/24/2010,x,WA,ReverseLand,165,3360
20xx,x,7/24/2010,x,WA,ReverseLand,164,3340
20xx,x,7/24/2010,x,WA,ReverseLand,163,3320
20xx,x,7/24/2010,x,WA,ReverseLand,162,3300
20xx,x,7/24/2010,x,WA,ReverseLand,161,3280
20xx,x,7/24/2010,x,WA,ReverseLand,160,3260
20xx,x,7/24/2010,x,WA,ReverseLand,159,3240
20xx,x,7/24/2010,x,WA,ReverseLand,158,3220
20xx,x,7/24/2010,x,WA,ReverseLand,157,3200
20xx,x,7/24/2010,x,WA,ReverseLand,156,3180
20xx,x,7/24/2010,x,WA,ReverseLand,155,3160
20xx,x,7/24/2010,x,WA,ReverseLand,154,3140
20xx,x,7/24/2010,x,WA,ReverseLand,153,3120
20xx,x,7/24/2010,x,WA,ReverseLand,152,3100
20xx,x,7/24/2010,x,WA,ReverseLand,151,3080
20xx,x,7/24/2010,x,WA,ReverseLand,150,3060
20xx,x,7/24/2010,x,WA,ReverseLand,149,3040
20xx,x,7/24/2010,x,WA,ReverseLand,148,3020
20xx,x,7/24/2010,x,WA,ReverseLand,147,3000
20xx,x,7/24/2010,x,WA,ReverseLand,146,2980
20xx,x,7/24/2010,x,WA,ReverseLand,145,2960
20xx,x,7/24/2010,x,WA,ReverseLand,144,2940
20xx,x,7/24/2010,x,WA,ReverseLand,143,2920
20xx,x,7/24/2010,x,WA,ReverseLand,142,2900
20xx,x,7/24/2010,x,WA,ReverseLand,141,2880
20xx,x,7/24/2010,x,WA,ReverseLand,140,2860
20xx,x,7/24/2010,x,WA,ReverseLand,139,2840
20xx,x,7/24/2010,x,WA,ReverseLand,138,2820
20xx,x,7/24/2010,x,WA,ReverseLand,137,2800
20xx,x,7/24/2010,x,WA,ReverseLand,136,2780
20xx,x,7/24/2010,x,WA,ReverseLand,135,2760
20xx,x,7/24/2010,x,WA,ReverseLand,134,2740
20xx,x,7/24/2010,x,WA,ReverseLand,133,2720
20xx,x,7/24/2010,x,WA,ReverseLand,132,2700
20xx,x,7/24/2010,x,WA,ReverseLand,131,2680
20xx,x,7/24/2010,x,WA,ReverseLand,130,2660
20xx,x,7/24/2010,x,WA,ReverseLand,129,2640
20xx,x,7/24/2010,x,WA,ReverseLand,128,2620
20xx,x,7/24/2010,x,WA,ReverseLand,127,2600
20xx,x,7/24/2010,x,WA,ReverseLand,126,2580
20xx,x,7/24/2010,x,WA,ReverseLand,125,2560
20xx,x,7/24/2010,x,WA,ReverseLand,124,2540
20xx,x,7/24/2010,x,WA,ReverseLand,123,2520
20xx,x,7/24/2010,x,WA,ReverseLand,122,2500
20xx,x,7/24/2010,x,WA,ReverseLand,121,2480
20xx,x,7/24/2010,x,WA,ReverseLand,120,2460
20xx,x,7/24/2010,x,WA,ReverseLand,119,2440
20xx,x,7/24/2010,x,WA,ReverseLand,118,2420
20xx,x,7/24/2010,x,WA,ReverseLand,117,2400
20xx,x,7/24/2010,x,WA,ReverseLand,116,2380
20xx,x,7/24/2010,x,WA,ReverseLand,115,2360
20xx,x,7/24/2010,x,WA,ReverseLand,114,2340
20xx,x,7/24/2010,x,WA,ReverseLand,113,2320
20xx,x,7/24/2010,x,WA,ReverseLand,112,2300
20xx,x,7/24/2010,x,WA,ReverseLand,111,2280
20xx,x,7/24/2010,x,WA,ReverseLand,110,2260
20xx,x,7/24/2010,x,WA,ReverseLand,109,2240
20xx,x,7/24/2010,x,WA,ReverseLand,108,2220
20xx,x,7/24/2010,x,WA,ReverseLand,107,2200
20xx,x,7/24/2010,x,WA,ReverseLand,106,2180
20xx,x,7/24/2010,x,WA,ReverseLand,105,2160
20xx,x,7/24/2010,x,WA,ReverseLand,104,2140
20xx,x,7/24/2010,x,WA,ReverseLand,103,2120
20xx,x,7/24/2010,x,WA,ReverseLand,102,2100
20xx,x,7/24/2010,x,WA,ReverseLand,101,2080
20xx,x,7/24/2010,x,WA,ReverseLand,100,2060
20xx,x,7/24/2010,x,WA,ReverseLand,99,2040
20xx,x,7/24/2010,x,WA,ReverseLand,98,2020
20xx,x,7/24/2010,x,WA,ReverseLand,97,2000
20xx,x,7/24/2010,x,WA,ReverseLand,96,1980
20xx,x,7/24/2010,x,WA,ReverseLand,95,1960
20xx,x,7/24/2010,x,WA,ReverseLand,94,1940
20xx,x,7/24/2010,x,WA,ReverseLand,93,1920
20xx,x,7/24/2010,x,WA,ReverseLand,92,1900
20xx,x,7/24/2010,x,WA,ReverseLand,91,1880
20xx,x,7/24/2010,x,WA,ReverseLand,90,1860
20xx,x,7/24/2010,x,WA,ReverseLand,89,1840
20xx,x,7/24/2010,x,WA,ReverseLand,88,1820
20xx,x,7/24/2010,x,WA,ReverseLand,87,1800
20xx,x,7/24/2010,x,WA,ReverseLand,86,1780
20xx,x,7/24/2010,x,WA,ReverseLand,85,1760
20xx,x,7/24/2010,x,WA,ReverseLand,84,1740
20xx,x,7/24/2010,x,WA,ReverseLand,83,1720
20xx,x,7/24/2010,x,WA,ReverseLand,82,1700
20xx,x,7/24/2010,x,WA,ReverseLand,81,1680
20xx,x,7/24/2010,x,WA,ReverseLand,80,1660
20xx,x,7/24/2010,x,WA,ReverseLand,79,1640
20xx,x,7/24/2010,x,WA,ReverseLand,78,1620
20xx,x,7/24/2010,x,WA,ReverseLand,77,1600
20xx,x,7/24/2010,x,WA,ReverseLand,76,1580
20xx,x,7/24/2010,x,WA,ReverseLand,75,1560
20xx,x,7/24/2010,x,WA,ReverseLand,74,1540
20xx,x,7/24/2010,x,WA,ReverseLand,73,1520
20xx,x,7/24/2010,x,WA,ReverseLand,72,1500
20xx,x,7/24/2010,x,WA,ReverseLand,71,1480
20xx,x,7/24/2010,x,WA,ReverseLand,70,1460
20xx,x,7/24/2010,x,WA,ReverseLand,69,1440
20xx,x,7/24/2010,x,WA,ReverseLand,68,1420
20xx,x,7/24/2010,x,WA,ReverseLand,67,1400
20xx,x,7/24/2010,x,WA,ReverseLand,66,1380
20xx,x,7/24/2010,x,WA,ReverseLand,65,1360
20xx,x,7/24/2010,x,WA,ReverseLand,64,1340
20xx,x,7/24/2010,x,WA,ReverseLand,63,1320
20xx,x,7/24/2010,x,WA,ReverseLand,62,1300
20xx,x,7/24/2010,x,WA,ReverseLand,61,1280
20xx,x,7/24/2010,x,WA,ReverseLand,60,1260
20xx,x,7/24/2010,x,WA,ReverseLand,59,1240
20xx,x,7/24/2010,x,WA,ReverseLand,58,1220
20xx,x,7/24/2010,x,WA,ReverseLand,57,1200
20xx,x,7/24/2010,x,WA,ReverseLand,56,1180
20xx,x,7/24/2010,x,WA,ReverseLand,55,1160
20xx,x,7/24/2010,x,WA,ReverseLand,54,1140
20xx,x,7/24/2010,x,WA,ReverseLand,53,1120
20xx,x,7/24/2010,x,WA,ReverseLand,52,1100
20xx,x,7/24/2010,x,WA,ReverseLand,51,1080
20xx,x,7/24/2010,x,WA,ReverseLand,50,1060
20xx,x,7/24/2010,x,WA,ReverseLand,49,1040
20xx,x,7/24/2010,x,WA,ReverseLand,48,1020
20xx,x,7/24/2010,x,WA,ReverseLand,47,1000
20xx,x,7/24/2010,x,WA,ReverseLand,46,980
20xx,x,7/24/2010,x,WA,ReverseLand,45,960
20xx,x,7/24/2010,x,WA,ReverseLand,44,940
20xx,x,7/24/2010,x,WA,ReverseLand,43,920
20xx,x,7/24/2010,x,WA,ReverseLand,42,900
20xx,x,7/24/2010,x,WA,ReverseLand,41,880
20xx,x,7/24/2010,x,WA,ReverseLand,40,860
20xx,x,7/24/2010,x,WA,ReverseLand,39,840
20xx,x,7/24/2010,x,WA,ReverseLand,38,820
20xx,x,7/24/2010,x,WA,ReverseLand,37,800
20xx,x,7/24/2010,x,WA,ReverseLand,36,780
20xx,x,7/24/2010,x,WA,ReverseLand,35,760
20xx,x,7/24/2010,x,WA,ReverseLand,34,740
20xx,x,7/24/2010,x,WA,ReverseLand,33,720
20xx,x,7/24/2010,x,WA,ReverseLand,32,700
20xx,x,7/24/2010,x,WA,ReverseLand,31,680
20xx,x,7/24/2010,x,WA,ReverseLand,30,660
20xx,x,7/24/2010,x,WA,ReverseLand,29,640
20xx,x,7/24/2010,x,WA,ReverseLand,28,620
20xx,x,7/24/2010,x,WA,ReverseLand,27,600
20xx,x,7/24/2010,x,WA,ReverseLand,26,580
20xx,x,7/24/2010,x,WA,ReverseLand,25,560
20xx,x,7/24/2010,x,WA,ReverseLand,24,540
20xx,x,7/24/2010,x,WA,ReverseLand,23,520
20xx,x,7/24/2010,x,WA,ReverseLand,22,500
20xx,x,7/24/2010,x,WA,ReverseLand,21,480
20xx,x,7/24/2010,x,WA,ReverseLand,20,460
20xx,x,7/24/2010,x,WA,ReverseLand,19,440
20xx,x,7/24/2010,x,WA,ReverseLand,18,420
20xx,x,7/24/2010,x,WA,ReverseLand,17,400
20xx,x,7/24/2010,x,WA,ReverseLand,16,380
20xx,x,7/24/2010,x,WA,ReverseLand,15,360
20xx,x,7/24/2010,x,WA,ReverseLand,14,340
20xx,x,7/24/2010,x,WA,ReverseLand,13,320
20xx,x,7/24/2010,x,WA,ReverseLand,12,300
20xx,x,7/24/2010,x,WA,ReverseLand,11,280
20xx,x,7/24/2010,x,WA,ReverseLand,10,260
20xx,x,7/24/2010,x,WA,ReverseLand,9,240
20xx,x,7/24/2010,x,WA,ReverseLand,8,220
20xx,x,7/24/2010,x,WA,ReverseLand,7,200
20xx,x,7/24/2010,x,WA,ReverseLand,6,180
20xx,x,7/24/2010,x,WA,ReverseLand,5,160
20xx,x,7/24/2010,x,WA,ReverseLand,4,140
20xx,x,7/24/2010,x,WA,ReverseLand,3,120
20xx,x,7/24/2010,x,WA,ReverseLand,2,100
20xx,x,7/24/2010,x,WA,ReverseLand,1,80
20xx,x,7/24/2010,x,WA,ReverseLand,0,60
